{"type":"FeatureCollection","features":[{"type":"Feature","id":0,"properties":{"name":"New South Wales","code":"NSW"},"geometry":{"type":"MultiPolygon","coordinates":[[[[159.105,-31.564],[159.075,-31.597],[159.069,-31.596],[159.077,-31.544],[159.038,-31.522],[159.038,-31.512],[159.105,-31.564]]],[[[151.146,-33.824],[151.169,-33.839],[151.18,-33.836],[151.149,-33.839],[151.134,-33.845],[151.07,-33.816],[151.051,-33.824],[151.122,-33.857],[151.119,-33.865],[151.144,-33.844],[151.154,-33.842],[151.141,-33.87],[151.151,-33.872],[151.185,-33.846],[151.174,-33.871],[151.189,-33.876],[151.278,-33.851],[151.281,-33.833],[151.257,-33.952],[151.266,-33.968],[151.251,-33.979],[151.249,-34.002],[151.193,-33.974],[151.186,-33.952],[151.168,-33.95],[151.14,-34.003],[151.131,-33.984],[151.118,-33.99],[151.108,-34.014],[151.11,-34.023],[151.127,-34.01],[151.138,-34.037],[151.157,-34.013],[151.162,-34.0],[151.158,-34.015],[151.16,-34.023],[151.231,-34.012],[151.23,-34.026],[151.156,-34.052],[151.153,-34.073],[151.13,-34.069],[151.112,-34.072],[151.112,-34.043],[151.105,-34.042],[151.089,-34.066],[151.061,-34.064],[151.106,-34.08],[151.079,-34.089],[151.169,-34.075],[151.172,-34.087],[150.989,-34.232],[150.928,-34.317],[150.895,-34.451],[150.884,-34.458],[150.914,-34.465],[150.922,-34.494],[150.891,-34.506],[150.875,-34.538],[150.887,-34.492],[150.832,-34.486],[150.814,-34.534],[150.797,-34.546],[150.838,-34.543],[150.862,-34.537],[150.875,-34.589],[150.904,-34.597],[150.867,-34.605],[150.856,-34.615],[150.855,-34.663],[150.865,-34.672],[150.823,-34.773],[150.825,-34.783],[150.761,-34.821],[150.75,-34.855],[150.776,-34.948],[150.785,-34.987],[150.83,-35.003],[150.85,-35.013],[150.843,-35.051],[150.834,-35.074],[150.806,-35.094],[150.786,-35.073],[150.776,-35.083],[150.778,-35.002],[150.751,-34.991],[150.692,-35.014],[150.671,-35.037],[150.692,-35.083],[150.702,-35.123],[150.563,-35.094],[150.549,-35.103],[150.565,-35.103],[150.569,-35.113],[150.541,-35.119],[150.545,-35.123],[150.586,-35.12],[150.599,-35.127],[150.591,-35.172],[150.597,-35.19],[150.573,-35.193],[150.541,-35.216],[150.545,-35.248],[150.478,-35.292],[150.475,-35.357],[150.492,-35.366],[150.423,-35.421],[150.411,-35.437],[150.402,-35.506],[150.406,-35.534],[150.281,-35.703],[150.277,-35.724],[150.21,-35.702],[150.177,-35.703],[150.212,-35.76],[150.235,-35.772],[150.225,-35.828],[150.235,-35.836],[150.199,-35.829],[150.187,-35.833],[150.169,-35.863],[150.15,-35.891],[150.142,-36.218],[150.149,-36.267],[150.09,-36.354],[150.067,-36.399],[150.068,-36.419],[150.085,-36.429],[150.056,-36.54],[150.068,-36.554],[149.92,-36.895],[149.905,-36.915],[149.913,-36.945],[149.946,-36.949],[149.931,-37.008],[149.948,-37.018],[149.94,-37.031],[149.945,-37.054],[149.902,-37.069],[149.873,-37.083],[149.926,-37.1],[149.954,-37.101],[149.988,-37.141],[150.005,-37.141],[150.031,-37.238],[150.052,-37.262],[149.966,-37.25],[149.944,-37.278],[149.975,-37.445],[149.977,-37.505],[148.195,-36.796],[148.12,-36.806],[148.109,-36.801],[148.17,-36.713],[148.211,-36.651],[148.203,-36.612],[148.218,-36.598],[148.15,-36.558],[148.133,-36.567],[148.119,-36.482],[148.125,-36.465],[148.058,-36.401],[148.038,-36.39],[148.051,-36.325],[148.059,-36.32],[148.035,-36.311],[148.035,-36.153],[148.038,-36.141],[148.002,-36.14],[147.989,-36.068],[148.0,-36.046],[147.959,-36.041],[147.934,-36.048],[147.909,-36.001],[147.912,-35.995],[147.719,-35.946],[147.708,-35.929],[147.592,-35.97],[147.549,-35.965],[147.584,-35.985],[147.552,-36.004],[147.511,-35.962],[147.494,-35.944],[147.451,-35.961],[147.405,-35.943],[147.353,-36.032],[147.32,-36.061],[147.127,-36.018],[147.123,-35.994],[147.062,-36.066],[147.053,-36.108],[146.973,-36.082],[146.957,-36.078],[146.952,-36.111],[146.944,-36.116],[146.73,-36.045],[146.732,-36.024],[146.695,-36.034],[146.686,-36.041],[146.619,-35.976],[146.613,-35.973],[146.556,-35.989],[146.55,-35.992],[146.52,-35.961],[146.503,-35.958],[146.502,-35.983],[146.5,-35.991],[146.437,-35.967],[146.422,-35.966],[146.388,-36.036],[146.369,-36.051],[146.301,-36.037],[146.299,-36.048],[146.279,-36.016],[146.283,-36.011],[146.199,-36.027],[146.186,-36.042],[146.141,-36.009],[146.135,-36.003],[146.006,-36.004],[145.972,-36.016],[145.944,-35.966],[145.954,-35.962],[145.91,-35.956],[145.903,-35.952],[145.817,-35.988],[145.812,-35.992],[145.686,-35.931],[145.674,-35.926],[145.542,-35.809],[145.535,-35.802],[145.387,-35.85],[145.355,-35.867],[145.261,-35.835],[145.246,-35.83],[145.137,-35.834],[145.128,-35.821],[145.019,-35.857],[144.992,-35.852],[144.931,-35.968],[144.924,-35.989],[144.986,-36.057],[144.982,-36.072],[144.933,-36.067],[144.863,-36.059],[144.813,-36.114],[144.808,-36.124],[144.741,-36.108],[144.726,-36.118],[144.717,-36.112],[144.726,-36.089],[144.684,-36.095],[144.689,-36.061],[144.628,-36.065],[144.618,-36.077],[144.618,-36.047],[144.615,-36.032],[144.599,-36.037],[144.591,-36.043],[144.554,-36.003],[144.516,-35.995],[144.512,-35.989],[144.521,-35.97],[144.424,-35.9],[144.408,-35.904],[144.402,-35.868],[144.411,-35.859],[144.352,-35.785],[144.349,-35.767],[144.296,-35.737],[144.264,-35.751],[144.118,-35.626],[144.105,-35.591],[144.047,-35.563],[144.039,-35.549],[144.01,-35.563],[143.99,-35.555],[143.973,-35.509],[143.97,-35.5],[143.871,-35.478],[143.859,-35.48],[143.769,-35.402],[143.751,-35.388],[143.633,-35.383],[143.62,-35.388],[143.598,-35.352],[143.562,-35.337],[143.581,-35.22],[143.571,-35.207],[143.518,-35.212],[143.471,-35.219],[143.449,-35.189],[143.395,-35.192],[143.329,-35.046],[143.322,-35.037],[143.348,-34.807],[143.348,-34.792],[143.287,-34.795],[143.277,-34.792],[143.252,-34.773],[143.274,-34.753],[143.229,-34.748],[143.224,-34.759],[143.214,-34.738],[143.219,-34.729],[143.121,-34.687],[143.113,-34.681],[143.04,-34.686],[143.039,-34.703],[142.922,-34.656],[142.924,-34.648],[142.9,-34.671],[142.887,-34.68],[142.855,-34.64],[142.868,-34.627],[142.798,-34.598],[142.788,-34.59],[142.81,-34.561],[142.791,-34.546],[142.784,-34.58],[142.748,-34.577],[142.763,-34.59],[142.759,-34.6],[142.715,-34.6],[142.7,-34.599],[142.709,-34.662],[142.711,-34.676],[142.684,-34.671],[142.684,-34.714],[142.699,-34.724],[142.637,-34.735],[142.618,-34.729],[142.646,-34.763],[142.639,-34.78],[142.534,-34.753],[142.524,-34.759],[142.499,-34.7],[142.514,-34.691],[142.479,-34.674],[142.472,-34.667],[142.484,-34.636],[142.452,-34.633],[142.473,-34.577],[142.468,-34.564],[142.459,-34.581],[142.452,-34.584],[142.378,-34.532],[142.368,-34.53],[142.401,-34.523],[142.375,-34.515],[142.395,-34.493],[142.37,-34.504],[142.36,-34.499],[142.364,-34.485],[142.384,-34.478],[142.379,-34.467],[142.353,-34.47],[142.361,-34.412],[142.351,-34.397],[142.397,-34.344],[142.397,-34.338],[142.253,-34.306],[142.236,-34.307],[142.233,-34.214],[142.221,-34.182],[142.184,-34.176],[142.167,-34.183],[142.167,-34.153],[142.148,-34.149],[142.12,-34.175],[142.083,-34.174],[142.076,-34.131],[142.028,-34.123],[142.042,-34.105],[142.038,-34.099],[142.013,-34.105],[142.022,-34.125],[141.945,-34.119],[141.934,-34.138],[141.93,-34.126],[141.923,-34.115],[141.889,-34.124],[141.877,-34.137],[141.708,-34.096],[141.677,-34.101],[141.605,-34.149],[141.584,-34.152],[141.605,-34.184],[141.603,-34.191],[141.534,-34.211],[141.51,-34.216],[141.519,-34.181],[141.497,-34.156],[141.45,-34.161],[141.445,-34.168],[141.407,-34.146],[141.408,-34.128],[141.346,-34.124],[141.325,-34.139],[141.247,-34.073],[141.242,-34.061],[141.194,-34.09],[141.185,-34.092],[141.153,-34.064],[141.153,-34.055],[141.098,-34.07],[141.089,-34.077],[141.036,-34.036],[141.024,-34.06],[141.003,-34.023],[140.999,-28.999],[148.958,-28.999],[149.009,-28.957],[149.033,-28.956],[149.08,-28.858],[149.081,-28.842],[149.359,-28.684],[149.387,-28.696],[149.44,-28.612],[149.453,-28.595],[149.503,-28.58],[149.503,-28.574],[149.569,-28.571],[149.588,-28.573],[149.667,-28.632],[149.703,-28.634],[149.704,-28.616],[149.721,-28.609],[149.936,-28.61],[149.942,-28.618],[150.139,-28.565],[150.152,-28.55],[150.192,-28.567],[150.212,-28.574],[150.236,-28.554],[150.29,-28.537],[150.429,-28.651],[150.446,-28.665],[150.626,-28.669],[150.633,-28.677],[150.728,-28.634],[150.752,-28.633],[150.874,-28.694],[150.906,-28.688],[150.938,-28.731],[151.011,-28.741],[151.037,-28.828],[151.045,-28.844],[151.083,-28.834],[151.103,-28.836],[151.244,-28.924],[151.275,-28.939],[151.276,-29.078],[151.28,-29.101],[151.339,-29.177],[151.394,-29.178],[151.486,-29.089],[151.502,-29.071],[151.491,-29.056],[151.498,-29.02],[151.536,-28.981],[151.546,-28.953],[151.675,-28.908],[151.707,-28.872],[151.734,-28.872],[151.77,-28.956],[151.778,-28.96],[151.814,-28.959],[151.832,-28.96],[151.838,-28.917],[151.849,-28.908],[151.9,-28.915],[151.916,-28.929],[152.001,-28.91],[152.01,-28.908],[152.038,-28.865],[152.026,-28.858],[152.015,-28.851],[152.043,-28.732],[152.076,-28.708],[152.039,-28.664],[152.01,-28.665],[151.958,-28.563],[151.956,-28.519],[151.983,-28.503],[151.989,-28.526],[152.017,-28.525],[152.067,-28.486],[152.07,-28.468],[152.19,-28.434],[152.217,-28.449],[152.288,-28.393],[152.31,-28.363],[152.356,-28.361],[152.386,-28.369],[152.443,-28.29],[152.464,-28.259],[152.509,-28.249],[152.534,-28.263],[152.526,-28.306],[152.569,-28.324],[152.579,-28.339],[152.6,-28.284],[152.615,-28.27],[152.625,-28.298],[152.638,-28.311],[152.723,-28.344],[152.751,-28.364],[152.831,-28.32],[152.88,-28.31],[153.046,-28.339],[153.109,-28.358],[153.175,-28.275],[153.178,-28.248],[153.34,-28.25],[153.361,-28.248],[153.457,-28.181],[153.477,-28.157],[153.542,-28.169],[153.556,-28.168],[153.508,-28.194],[153.494,-28.207],[153.495,-28.22],[153.519,-28.222],[153.543,-28.194],[153.554,-28.193],[153.541,-28.243],[153.555,-28.236],[153.55,-28.171],[153.556,-28.17],[153.569,-28.238],[153.586,-28.258],[153.555,-28.453],[153.553,-28.531],[153.618,-28.642],[153.639,-28.636],[153.596,-28.775],[153.609,-28.843],[153.592,-28.876],[153.575,-28.84],[153.563,-28.847],[153.577,-28.87],[153.527,-28.873],[153.573,-28.877],[153.59,-28.878],[153.54,-28.923],[153.464,-29.019],[153.449,-29.133],[153.457,-29.14],[153.401,-29.201],[153.344,-29.297],[153.363,-29.355],[153.377,-29.366],[153.364,-29.43],[153.373,-29.44],[153.321,-29.661],[153.334,-29.675],[153.233,-29.98],[153.197,-30.041],[153.2,-30.141],[153.207,-30.156],[153.167,-30.198],[153.14,-30.256],[153.14,-30.31],[153.153,-30.309],[153.046,-30.467],[153.032,-30.499],[152.997,-30.679],[152.988,-30.732],[152.997,-30.786],[153.014,-30.861],[153.075,-30.878],[153.089,-30.911],[153.057,-30.96],[153.039,-31.003],[153.066,-31.047],[153.065,-31.057],[153.007,-31.123],[152.977,-31.171],[152.965,-31.306],[152.976,-31.314],[152.915,-31.409],[152.938,-31.476],[152.877,-31.53],[152.845,-31.573],[152.834,-31.632],[152.85,-31.641],[152.737,-31.837],[152.755,-31.845],[152.691,-31.878],[152.609,-31.947],[152.548,-32.074],[152.513,-32.117],[152.506,-32.145],[152.509,-32.172],[152.543,-32.202],[152.571,-32.216],[152.537,-32.259],[152.524,-32.294],[152.536,-32.329],[152.552,-32.335],[152.523,-32.388],[152.516,-32.409],[152.538,-32.434],[152.54,-32.443],[152.419,-32.483],[152.336,-32.527],[152.231,-32.616],[152.196,-32.648],[152.209,-32.696],[152.205,-32.701],[152.138,-32.671],[152.122,-32.658],[152.114,-32.681],[152.069,-32.69],[152.061,-32.67],[152.061,-32.65],[152.044,-32.66],[152.043,-32.68],[151.984,-32.665],[151.968,-32.654],[151.956,-32.675],[151.945,-32.677],[151.978,-32.688],[151.978,-32.706],[151.946,-32.734],[151.936,-32.737],[152.06,-32.736],[152.07,-32.736],[152.059,-32.71],[152.064,-32.698],[152.091,-32.728],[152.176,-32.72],[152.188,-32.712],[152.171,-32.744],[152.173,-32.762],[151.801,-32.885],[151.787,-32.92],[151.778,-32.911],[151.794,-32.883],[151.775,-32.89],[151.734,-32.878],[151.786,-32.926],[151.804,-32.916],[151.658,-33.071],[151.661,-33.084],[151.64,-33.085],[151.643,-32.984],[151.644,-32.975],[151.617,-32.963],[151.608,-32.966],[151.596,-33.011],[151.62,-33.048],[151.594,-33.027],[151.577,-33.033],[151.589,-33.06],[151.581,-33.068],[151.611,-33.072],[151.614,-33.082],[151.572,-33.075],[151.549,-33.063],[151.512,-33.09],[151.51,-33.103],[151.565,-33.101],[151.569,-33.114],[151.522,-33.124],[151.51,-33.138],[151.545,-33.157],[151.568,-33.175],[151.553,-33.146],[151.557,-33.132],[151.584,-33.123],[151.581,-33.103],[151.588,-33.15],[151.597,-33.162],[151.627,-33.094],[151.636,-33.069],[151.658,-33.092],[151.666,-33.087],[151.63,-33.154],[151.639,-33.176],[151.564,-33.272],[151.579,-33.282],[151.525,-33.315],[151.503,-33.344],[151.537,-33.267],[151.52,-33.263],[151.558,-33.252],[151.562,-33.237],[151.527,-33.22],[151.509,-33.223],[151.519,-33.262],[151.453,-33.299],[151.442,-33.307],[151.449,-33.32],[151.469,-33.328],[151.439,-33.342],[151.449,-33.355],[151.504,-33.345],[151.504,-33.363],[151.428,-33.495],[151.417,-33.523],[151.364,-33.531],[151.345,-33.547],[151.336,-33.522],[151.363,-33.521],[151.348,-33.506],[151.312,-33.53],[151.31,-33.555],[151.274,-33.551],[151.259,-33.571],[151.255,-33.535],[151.237,-33.528],[151.259,-33.499],[151.266,-33.485],[151.21,-33.521],[151.198,-33.495],[151.238,-33.476],[151.237,-33.454],[151.215,-33.47],[151.192,-33.489],[151.205,-33.521],[151.199,-33.536],[151.182,-33.501],[151.164,-33.515],[151.16,-33.511],[151.173,-33.438],[151.166,-33.427],[151.115,-33.464],[151.097,-33.48],[151.079,-33.445],[151.073,-33.449],[151.086,-33.476],[151.103,-33.484],[151.138,-33.475],[151.156,-33.467],[151.143,-33.491],[151.131,-33.491],[151.155,-33.499],[151.154,-33.524],[151.13,-33.505],[151.111,-33.507],[151.127,-33.538],[151.117,-33.546],[151.145,-33.542],[151.151,-33.562],[151.12,-33.586],[151.103,-33.588],[151.121,-33.6],[151.126,-33.6],[151.15,-33.569],[151.162,-33.576],[151.164,-33.529],[151.175,-33.514],[151.226,-33.547],[151.229,-33.542],[151.202,-33.544],[151.231,-33.539],[151.231,-33.561],[151.247,-33.579],[151.233,-33.594],[151.186,-33.592],[151.209,-33.594],[151.213,-33.608],[151.163,-33.647],[151.149,-33.655],[151.284,-33.573],[151.293,-33.572],[151.283,-33.637],[151.27,-33.656],[151.301,-33.667],[151.312,-33.667],[151.323,-33.579],[151.335,-33.582],[151.318,-33.742],[151.291,-33.747],[151.307,-33.807],[151.301,-33.823],[151.225,-33.784],[151.204,-33.772],[151.253,-33.827],[151.269,-33.827],[151.246,-33.843],[151.247,-33.853],[151.146,-33.824]],[[151.145,-33.819],[151.145,-33.819]],[[151.306,-33.704],[151.281,-33.709],[151.27,-33.715],[151.306,-33.704]],[[151.697,-32.844],[151.774,-32.856],[151.784,-32.884],[151.792,-32.857],[151.819,-32.831],[151.727,-32.835],[151.685,-32.824],[151.697,-32.844]],[[151.701,-32.852],[151.712,-32.871],[151.733,-32.88],[151.701,-32.852]],[[151.586,-33.208],[151.564,-33.207],[151.554,-33.228],[151.586,-33.208]],[[151.455,-33.418],[151.455,-33.418]],[[151.436,-33.457],[151.436,-33.457]],[[151.383,-33.472],[151.373,-33.491],[151.353,-33.489],[151.354,-33.46],[151.369,-33.439],[151.319,-33.452],[151.313,-33.461],[151.334,-33.502],[151.345,-33.508],[151.383,-33.472]],[[151.317,-33.486],[151.317,-33.486]],[[151.034,-33.985],[151.033,-33.993],[151.066,-33.992],[151.04,-34.005],[151.049,-34.021],[151.11,-34.007],[151.116,-33.997],[151.034,-33.985]],[[151.034,-33.984],[151.034,-33.984]],[[149.399,-35.319],[149.315,-35.276],[149.272,-35.274],[149.214,-35.22],[149.205,-35.23],[149.184,-35.176],[149.189,-35.166],[149.139,-35.128],[149.121,-35.125],[148.808,-35.31],[148.774,-35.486],[148.763,-35.496],[148.783,-35.628],[148.767,-35.647],[148.798,-35.666],[148.791,-35.703],[148.856,-35.754],[148.856,-35.761],[148.878,-35.715],[148.887,-35.719],[148.907,-35.83],[148.909,-35.853],[149.012,-35.9],[149.049,-35.92],[149.094,-35.824],[149.101,-35.804],[149.085,-35.581],[149.143,-35.593],[149.139,-35.433],[149.147,-35.415],[149.208,-35.345],[149.337,-35.34],[149.352,-35.351],[149.399,-35.319]]],[[[152.329,-32.617],[152.312,-32.627],[152.305,-32.607],[152.329,-32.617]]],[[[152.229,-32.687],[152.229,-32.687]]],[[[152.204,-32.748],[152.204,-32.748]]],[[[151.982,-32.671],[151.982,-32.671]]],[[[151.975,-32.68],[151.975,-32.68]]],[[[150.421,-35.531],[150.421,-35.531]]],[[[150.231,-36.251],[150.231,-36.251]]]]}},{"type":"Feature","id":1,"properties":{"name":"Victoria","code":"Vic"},"geometry":{"type":"MultiPolygon","coordinates":[[[[145.132,-38.391],[145.025,-38.475],[145.032,-38.486],[144.911,-38.489],[144.887,-38.499],[144.742,-38.354],[144.652,-38.304],[144.851,-38.369],[144.923,-38.349],[144.988,-38.317],[145.088,-38.164],[145.118,-38.146],[145.12,-38.073],[145.1,-38.027],[145.038,-37.996],[145.018,-37.982],[144.986,-37.893],[144.97,-37.861],[144.93,-37.847],[144.926,-37.84],[144.907,-37.85],[144.897,-37.843],[144.916,-37.866],[144.904,-37.873],[144.869,-37.859],[144.814,-37.875],[144.798,-37.905],[144.799,-37.923],[144.736,-37.943],[144.652,-38.002],[144.516,-38.046],[144.507,-38.092],[144.445,-38.092],[144.398,-38.074],[144.382,-38.097],[144.362,-38.105],[144.356,-38.137],[144.365,-38.145],[144.417,-38.155],[144.426,-38.124],[144.443,-38.15],[144.478,-38.164],[144.631,-38.107],[144.692,-38.12],[144.72,-38.173],[144.706,-38.21],[144.703,-38.202],[144.687,-38.197],[144.633,-38.27],[144.672,-38.265],[144.62,-38.276],[144.614,-38.292],[144.429,-38.282],[144.332,-38.323],[144.105,-38.469],[144.036,-38.476],[143.842,-38.679],[143.837,-38.693],[143.757,-38.707],[143.682,-38.737],[143.667,-38.768],[143.666,-38.779],[143.616,-38.796],[143.554,-38.856],[143.511,-38.858],[143.403,-38.781],[143.357,-38.754],[143.26,-38.773],[143.233,-38.766],[143.081,-38.651],[142.901,-38.61],[142.858,-38.605],[142.684,-38.495],[142.563,-38.422],[142.472,-38.404],[142.373,-38.349],[142.286,-38.366],[142.262,-38.365],[142.245,-38.396],[142.146,-38.391],[141.882,-38.266],[141.742,-38.253],[141.68,-38.268],[141.602,-38.313],[141.625,-38.362],[141.65,-38.393],[141.628,-38.393],[141.626,-38.406],[141.615,-38.393],[141.573,-38.39],[141.556,-38.426],[141.543,-38.433],[141.461,-38.362],[141.434,-38.36],[141.413,-38.396],[141.374,-38.387],[141.392,-38.32],[141.358,-38.275],[141.295,-38.221],[141.228,-38.171],[141.029,-38.072],[140.966,-38.056],[140.963,-35.749],[140.964,-33.981],[141.002,-34.039],[141.023,-34.06],[141.034,-34.036],[141.085,-34.062],[141.089,-34.077],[141.087,-34.057],[141.094,-34.051],[141.175,-34.073],[141.186,-34.092],[141.228,-34.074],[141.242,-34.061],[141.247,-34.073],[141.243,-34.087],[141.326,-34.127],[141.325,-34.139],[141.349,-34.112],[141.359,-34.111],[141.483,-34.163],[141.495,-34.155],[141.506,-34.21],[141.51,-34.216],[141.59,-34.187],[141.603,-34.191],[141.603,-34.162],[141.584,-34.151],[141.605,-34.149],[141.619,-34.156],[141.633,-34.121],[141.677,-34.101],[141.926,-34.135],[141.933,-34.138],[141.978,-34.113],[142.021,-34.125],[142.013,-34.105],[142.037,-34.099],[142.024,-34.115],[142.028,-34.123],[142.076,-34.131],[142.078,-34.157],[142.083,-34.174],[142.135,-34.161],[142.146,-34.149],[142.199,-34.183],[142.219,-34.181],[142.236,-34.204],[142.244,-34.21],[142.232,-34.297],[142.236,-34.307],[142.368,-34.327],[142.397,-34.338],[142.364,-34.386],[142.351,-34.397],[142.368,-34.435],[142.353,-34.47],[142.379,-34.467],[142.384,-34.478],[142.364,-34.485],[142.36,-34.499],[142.378,-34.491],[142.395,-34.493],[142.375,-34.515],[142.401,-34.523],[142.368,-34.53],[142.445,-34.575],[142.452,-34.584],[142.449,-34.559],[142.468,-34.564],[142.464,-34.627],[142.452,-34.634],[142.471,-34.64],[142.483,-34.636],[142.472,-34.652],[142.473,-34.67],[142.499,-34.681],[142.514,-34.691],[142.507,-34.749],[142.525,-34.76],[142.632,-34.784],[142.644,-34.775],[142.62,-34.757],[142.618,-34.729],[142.679,-34.722],[142.699,-34.725],[142.691,-34.701],[142.679,-34.68],[142.685,-34.671],[142.71,-34.677],[142.704,-34.614],[142.701,-34.598],[142.744,-34.603],[142.762,-34.598],[142.746,-34.586],[142.748,-34.577],[142.783,-34.565],[142.791,-34.546],[142.81,-34.561],[142.788,-34.59],[142.852,-34.619],[142.868,-34.627],[142.872,-34.664],[142.876,-34.675],[142.902,-34.655],[142.924,-34.648],[142.959,-34.665],[142.973,-34.695],[142.975,-34.671],[142.989,-34.663],[143.017,-34.674],[143.01,-34.694],[143.055,-34.699],[143.071,-34.678],[143.093,-34.701],[143.113,-34.681],[143.112,-34.687],[143.107,-34.701],[143.147,-34.715],[143.162,-34.698],[143.214,-34.738],[143.224,-34.759],[143.265,-34.749],[143.274,-34.753],[143.252,-34.773],[143.273,-34.776],[143.277,-34.792],[143.318,-34.791],[143.348,-34.792],[143.322,-34.942],[143.318,-34.953],[143.336,-35.037],[143.322,-35.037],[143.387,-35.183],[143.395,-35.192],[143.547,-35.206],[143.571,-35.207],[143.584,-35.265],[143.591,-35.282],[143.569,-35.302],[143.562,-35.337],[143.616,-35.369],[143.62,-35.388],[143.683,-35.374],[143.685,-35.368],[143.709,-35.393],[143.751,-35.388],[143.766,-35.416],[143.763,-35.423],[143.933,-35.507],[143.97,-35.5],[143.999,-35.545],[143.99,-35.555],[144.062,-35.577],[144.105,-35.591],[144.153,-35.643],[144.162,-35.672],[144.319,-35.767],[144.349,-35.767],[144.418,-35.893],[144.408,-35.904],[144.51,-35.974],[144.521,-35.97],[144.512,-35.989],[144.516,-35.995],[144.606,-36.037],[144.615,-36.032],[144.608,-36.064],[144.618,-36.077],[144.625,-36.052],[144.633,-36.048],[144.668,-36.069],[144.689,-36.061],[144.684,-36.095],[144.715,-36.086],[144.726,-36.089],[144.717,-36.112],[144.726,-36.118],[144.795,-36.117],[144.808,-36.124],[144.861,-36.072],[144.863,-36.059],[144.948,-36.083],[144.982,-36.072],[144.946,-36.004],[144.924,-35.989],[144.991,-35.859],[144.992,-35.852],[145.092,-35.836],[145.114,-35.821],[145.324,-35.851],[145.355,-35.867],[145.463,-35.826],[145.472,-35.809],[145.523,-35.818],[145.535,-35.802],[145.679,-35.917],[145.674,-35.926],[145.808,-35.984],[145.812,-35.992],[145.854,-35.96],[145.903,-35.952],[145.928,-35.974],[145.954,-35.962],[145.971,-36.006],[145.972,-36.016],[146.016,-36.007],[146.031,-35.995],[146.173,-36.019],[146.186,-36.042],[146.245,-36.018],[146.257,-36.012],[146.291,-36.039],[146.299,-36.048],[146.339,-36.026],[146.369,-36.051],[146.425,-35.973],[146.422,-35.966],[146.501,-35.979],[146.503,-35.958],[146.532,-35.984],[146.55,-35.992],[146.584,-35.975],[146.613,-35.973],[146.675,-36.029],[146.686,-36.041],[146.709,-36.029],[146.732,-36.024],[146.753,-36.042],[146.75,-36.061],[146.826,-36.071],[146.825,-36.089],[146.927,-36.097],[146.944,-36.116],[146.952,-36.111],[146.957,-36.078],[147.042,-36.104],[147.053,-36.108],[147.112,-36.001],[147.123,-35.994],[147.127,-36.018],[147.144,-36.038],[147.285,-36.039],[147.32,-36.061],[147.39,-35.949],[147.405,-35.943],[147.482,-35.949],[147.494,-35.944],[147.521,-35.987],[147.552,-36.004],[147.584,-35.985],[147.548,-35.979],[147.549,-35.965],[147.592,-35.97],[147.601,-35.979],[147.68,-35.944],[147.708,-35.929],[147.896,-35.993],[147.912,-35.995],[147.924,-36.036],[147.924,-36.042],[147.991,-36.053],[148.0,-36.046],[147.982,-36.078],[147.98,-36.086],[148.002,-36.14],[148.038,-36.141],[148.046,-36.367],[148.038,-36.39],[148.088,-36.452],[148.125,-36.465],[148.124,-36.551],[148.133,-36.567],[148.206,-36.587],[148.218,-36.598],[148.22,-36.62],[148.211,-36.651],[148.126,-36.759],[148.098,-36.787],[148.195,-36.796],[149.977,-37.505],[149.82,-37.545],[149.775,-37.558],[149.682,-37.664],[149.677,-37.685],[149.496,-37.768],[149.485,-37.775],[149.292,-37.787],[149.275,-37.804],[149.247,-37.78],[149.124,-37.777],[148.749,-37.797],[148.728,-37.815],[148.448,-37.802],[148.29,-37.811],[147.952,-37.894],[147.788,-37.955],[147.642,-38.037],[147.476,-38.152],[147.067,-38.475],[146.883,-38.635],[146.887,-38.62],[146.926,-38.594],[146.883,-38.605],[146.844,-38.605],[146.878,-38.626],[146.815,-38.649],[146.671,-38.663],[146.653,-38.643],[146.594,-38.685],[146.583,-38.698],[146.577,-38.692],[146.572,-38.678],[146.515,-38.694],[146.495,-38.68],[146.41,-38.712],[146.411,-38.721],[146.381,-38.686],[146.351,-38.673],[146.231,-38.695],[146.212,-38.693],[146.205,-38.735],[146.211,-38.738],[146.193,-38.729],[146.186,-38.743],[146.233,-38.809],[146.273,-38.806],[146.287,-38.894],[146.293,-38.905],[146.393,-38.85],[146.415,-38.852],[146.436,-38.796],[146.438,-38.779],[146.467,-38.781],[146.479,-38.792],[146.487,-38.894],[146.489,-38.91],[146.446,-39.004],[146.432,-39.011],[146.437,-39.021],[146.475,-39.026],[146.474,-39.055],[146.483,-39.061],[146.455,-39.054],[146.431,-39.066],[146.424,-39.115],[146.427,-39.13],[146.375,-39.137],[146.346,-39.125],[146.343,-39.111],[146.321,-39.088],[146.343,-39.061],[146.352,-39.059],[146.274,-38.996],[146.249,-38.996],[146.267,-38.991],[146.269,-38.973],[146.189,-38.874],[146.134,-38.837],[146.084,-38.816],[146.034,-38.813],[145.998,-38.846],[146.006,-38.878],[145.94,-38.896],[145.921,-38.91],[145.818,-38.713],[145.766,-38.667],[145.729,-38.645],[145.714,-38.645],[145.639,-38.672],[145.607,-38.679],[145.538,-38.611],[145.484,-38.556],[145.424,-38.536],[145.372,-38.536],[145.419,-38.513],[145.434,-38.494],[145.434,-38.435],[145.416,-38.407],[145.515,-38.415],[145.549,-38.372],[145.498,-38.274],[145.489,-38.233],[145.411,-38.228],[145.347,-38.214],[145.325,-38.242],[145.298,-38.248],[145.272,-38.223],[145.255,-38.223],[145.226,-38.272],[145.223,-38.306],[145.2,-38.293],[145.193,-38.297],[145.213,-38.366],[145.222,-38.378],[145.196,-38.367],[145.184,-38.375],[145.215,-38.383],[145.234,-38.41],[145.132,-38.391]],[[146.841,-38.616],[146.794,-38.627],[146.792,-38.632],[146.841,-38.616]]],[[[149.918,-37.568],[149.918,-37.568]]],[[[146.879,-38.638],[146.828,-38.679],[146.879,-38.638]]],[[[146.826,-38.683],[146.788,-38.681],[146.753,-38.69],[146.826,-38.683]]],[[[146.815,-38.659],[146.786,-38.669],[146.815,-38.659]]],[[[146.739,-38.673],[146.715,-38.684],[146.71,-38.677],[146.739,-38.673]]],[[[146.716,-38.687],[146.716,-38.687]]],[[[146.685,-38.678],[146.685,-38.678]]],[[[146.678,-38.708],[146.603,-38.727],[146.585,-38.715],[146.678,-38.708]]],[[[146.669,-38.718],[146.653,-38.727],[146.63,-38.725],[146.669,-38.718]]],[[[146.62,-38.758],[146.598,-38.759],[146.545,-38.791],[146.495,-38.775],[146.465,-38.739],[146.495,-38.729],[146.51,-38.719],[146.508,-38.737],[146.542,-38.728],[146.524,-38.753],[146.5,-38.763],[146.542,-38.756],[146.577,-38.735],[146.62,-38.758]]],[[[146.623,-38.758],[146.668,-38.748],[146.623,-38.758]]],[[[146.634,-38.697],[146.634,-38.697]]],[[[146.502,-38.716],[146.468,-38.717],[146.439,-38.728],[146.502,-38.716]]],[[[146.33,-39.142],[146.33,-39.142]]],[[[146.246,-39.024],[146.246,-39.024]]],[[[146.241,-39.089],[146.241,-39.089]]],[[[145.503,-38.354],[145.364,-38.406],[145.353,-38.42],[145.273,-38.41],[145.266,-38.403],[145.289,-38.285],[145.297,-38.282],[145.352,-38.311],[145.452,-38.307],[145.503,-38.354]]],[[[145.364,-38.553],[145.317,-38.524],[145.271,-38.505],[145.24,-38.507],[145.221,-38.53],[145.171,-38.51],[145.116,-38.518],[145.2,-38.451],[145.291,-38.45],[145.306,-38.485],[145.297,-38.506],[145.359,-38.509],[145.347,-38.521],[145.341,-38.536],[145.364,-38.553]]],[[[145.346,-38.509],[145.346,-38.509]]],[[[144.702,-38.243],[144.672,-38.264],[144.663,-38.253],[144.702,-38.243]]],[[[142.014,-38.413],[141.999,-38.425],[141.993,-38.417],[142.014,-38.413]]]]}},{"type":"Feature","id":2,"properties":{"name":"Queensland","code":"Qld"},"geometry":{"type":"MultiPolygon","coordinates":[[[[141.664,-15.004],[141.59,-14.857],[141.554,-14.593],[141.526,-14.487],[141.552,-14.375],[141.602,-14.242],[141.594,-14.155],[141.599,-14.102],[141.468,-13.923],[141.467,-13.864],[141.523,-13.572],[141.682,-13.303],[141.695,-13.27],[141.589,-13.017],[141.583,-12.997],[141.6,-12.952],[141.636,-12.909],[141.71,-12.879],[141.74,-12.853],[141.795,-12.729],[141.804,-12.68],[141.855,-12.686],[141.863,-12.693],[141.878,-12.671],[141.84,-12.668],[141.827,-12.649],[141.886,-12.617],[141.894,-12.594],[141.879,-12.584],[141.82,-12.601],[141.76,-12.539],[141.709,-12.519],[141.696,-12.534],[141.695,-12.557],[141.601,-12.572],[141.592,-12.559],[141.81,-12.049],[141.85,-11.984],[141.88,-11.954],[141.909,-11.955],[141.896,-11.964],[141.887,-11.985],[141.944,-12.149],[141.915,-12.165],[141.93,-12.167],[141.948,-12.151],[141.929,-12.104],[141.932,-12.071],[141.958,-12.042],[141.994,-12.06],[142.012,-12.039],[141.943,-11.976],[141.942,-11.946],[142.097,-11.445],[142.12,-11.369],[142.127,-11.268],[142.116,-11.225],[142.148,-11.138],[142.157,-11.122],[142.126,-10.981],[142.133,-10.948],[142.313,-10.901],[142.315,-10.915],[142.365,-10.846],[142.39,-10.826],[142.423,-10.728],[142.438,-10.708],[142.498,-10.717],[142.531,-10.688],[142.583,-10.734],[142.609,-10.749],[142.549,-10.832],[142.517,-10.844],[142.5,-10.954],[142.482,-10.978],[142.543,-10.902],[142.558,-10.874],[142.593,-10.875],[142.589,-10.868],[142.609,-10.934],[142.615,-10.942],[142.698,-10.978],[142.716,-10.961],[142.756,-11.042],[142.786,-11.074],[142.783,-11.223],[142.794,-11.279],[142.84,-11.319],[142.869,-11.382],[142.833,-11.434],[142.827,-11.477],[142.852,-11.586],[142.859,-11.636],[142.847,-11.824],[142.856,-11.846],[142.946,-11.9],[142.975,-11.933],[143.093,-11.904],[143.098,-11.892],[143.162,-11.954],[143.167,-11.973],[143.225,-11.954],[143.244,-11.969],[143.217,-11.975],[143.186,-11.991],[143.093,-12.158],[143.079,-12.159],[143.081,-12.289],[143.079,-12.337],[143.128,-12.347],[143.18,-12.343],[143.25,-12.39],[143.266,-12.394],[143.274,-12.407],[143.272,-12.508],[143.419,-12.616],[143.438,-12.612],[143.358,-12.798],[143.351,-12.899],[143.534,-12.839],[143.544,-12.843],[143.512,-12.904],[143.499,-12.95],[143.515,-13.008],[143.503,-13.11],[143.516,-13.259],[143.533,-13.341],[143.581,-13.372],[143.598,-13.422],[143.543,-13.719],[143.532,-13.755],[143.622,-13.968],[143.681,-14.015],[143.746,-14.333],[143.781,-14.399],[143.819,-14.442],[143.884,-14.482],[143.96,-14.485],[144.029,-14.481],[144.197,-14.339],[144.196,-14.261],[144.316,-14.309],[144.343,-14.308],[144.397,-14.273],[144.436,-14.259],[144.491,-14.166],[144.516,-14.167],[144.576,-14.247],[144.596,-14.261],[144.581,-14.306],[144.587,-14.361],[144.644,-14.348],[144.651,-14.358],[144.622,-14.446],[144.619,-14.475],[144.693,-14.553],[144.693,-14.567],[144.715,-14.561],[144.774,-14.545],[144.783,-14.594],[144.839,-14.614],[144.91,-14.614],[144.95,-14.677],[144.956,-14.745],[145.022,-14.783],[145.024,-14.795],[145.189,-14.837],[145.23,-14.831],[145.22,-14.883],[145.265,-14.927],[145.282,-14.955],[145.341,-14.945],[145.352,-14.951],[145.289,-15.042],[145.234,-15.139],[145.263,-15.251],[145.271,-15.258],[145.339,-15.226],[145.356,-15.277],[145.33,-15.278],[145.286,-15.316],[145.241,-15.46],[145.228,-15.462],[145.252,-15.457],[145.262,-15.46],[145.273,-15.518],[145.272,-15.541],[145.304,-15.551],[145.323,-15.57],[145.319,-15.632],[145.313,-15.647],[145.361,-15.72],[145.369,-15.762],[145.356,-15.89],[145.357,-15.91],[145.382,-15.924],[145.414,-15.951],[145.465,-16.066],[145.477,-16.076],[145.452,-16.141],[145.44,-16.142],[145.479,-16.268],[145.489,-16.277],[145.448,-16.29],[145.418,-16.338],[145.405,-16.433],[145.41,-16.459],[145.442,-16.472],[145.469,-16.48],[145.565,-16.643],[145.582,-16.687],[145.651,-16.729],[145.671,-16.737],[145.782,-16.917],[145.779,-16.94],[145.81,-16.909],[145.849,-16.871],[145.87,-16.907],[145.919,-16.864],[145.958,-16.897],[145.901,-16.982],[145.889,-17.058],[145.929,-17.117],[145.949,-17.131],[145.961,-17.19],[145.972,-17.242],[146.051,-17.385],[146.073,-17.395],[146.078,-17.478],[146.077,-17.505],[146.033,-17.512],[146.028,-17.55],[146.06,-17.511],[146.068,-17.51],[146.141,-17.64],[146.149,-17.649],[146.113,-17.693],[146.112,-17.772],[146.091,-17.8],[146.107,-17.852],[146.12,-17.856],[146.092,-17.955],[146.101,-17.977],[146.008,-18.121],[146.016,-18.245],[146.133,-18.369],[146.141,-18.364],[146.189,-18.46],[146.189,-18.474],[146.313,-18.522],[146.338,-18.527],[146.339,-18.607],[146.319,-18.646],[146.339,-18.623],[146.339,-18.63],[146.273,-18.86],[146.29,-18.892],[146.396,-18.999],[146.454,-19.074],[146.619,-19.167],[146.678,-19.191],[146.736,-19.18],[146.768,-19.185],[146.843,-19.274],[146.883,-19.304],[146.942,-19.295],[146.958,-19.309],[147.022,-19.216],[147.016,-19.182],[147.047,-19.275],[147.039,-19.297],[147.11,-19.397],[147.126,-19.422],[147.41,-19.426],[147.441,-19.421],[147.455,-19.395],[147.417,-19.333],[147.421,-19.322],[147.601,-19.646],[147.615,-19.673],[147.587,-19.725],[147.601,-19.757],[147.663,-19.81],[147.671,-19.828],[147.704,-19.836],[147.738,-19.847],[147.767,-19.816],[147.781,-19.818],[147.768,-19.783],[147.745,-19.769],[147.752,-19.707],[147.824,-19.71],[147.865,-19.851],[147.918,-19.908],[147.992,-19.928],[148.026,-19.894],[148.08,-19.882],[148.097,-19.925],[148.112,-19.942],[148.255,-19.986],[148.26,-19.977],[148.267,-19.986],[148.267,-20.024],[148.228,-20.035],[148.231,-20.045],[148.339,-20.14],[148.353,-20.163],[148.442,-20.149],[148.466,-20.138],[148.441,-20.075],[148.452,-20.059],[148.495,-20.088],[148.513,-20.093],[148.541,-20.076],[148.563,-20.067],[148.583,-20.182],[148.583,-20.198],[148.599,-20.201],[148.62,-20.177],[148.615,-20.22],[148.63,-20.22],[148.629,-20.191],[148.639,-20.171],[148.653,-20.216],[148.678,-20.179],[148.668,-20.233],[148.663,-20.247],[148.685,-20.241],[148.673,-20.282],[148.709,-20.263],[148.739,-20.282],[148.752,-20.236],[148.769,-20.236],[148.778,-20.274],[148.802,-20.278],[148.766,-20.287],[148.769,-20.3],[148.826,-20.338],[148.841,-20.352],[148.831,-20.384],[148.816,-20.385],[148.84,-20.392],[148.839,-20.431],[148.88,-20.472],[148.903,-20.467],[148.891,-20.477],[148.884,-20.488],[148.92,-20.514],[148.93,-20.534],[148.885,-20.523],[148.857,-20.528],[148.801,-20.424],[148.791,-20.415],[148.786,-20.43],[148.756,-20.419],[148.782,-20.464],[148.764,-20.48],[148.693,-20.441],[148.684,-20.436],[148.715,-20.495],[148.662,-20.586],[148.718,-20.642],[148.727,-20.633],[148.731,-20.645],[148.706,-20.671],[148.733,-20.688],[148.731,-20.717],[148.83,-20.777],[148.841,-20.791],[148.801,-20.807],[148.787,-20.817],[148.824,-20.821],[148.839,-20.825],[148.847,-20.856],[148.843,-20.876],[148.875,-20.863],[148.885,-20.849],[148.89,-20.878],[148.915,-20.892],[149.029,-20.898],[149.046,-20.903],[149.046,-20.92],[149.059,-20.929],[149.028,-20.923],[149.012,-20.935],[149.02,-20.976],[149.014,-20.992],[149.068,-20.984],[149.086,-20.99],[149.065,-20.975],[149.089,-20.976],[149.129,-21.007],[149.123,-21.033],[149.133,-20.996],[149.158,-21.0],[149.206,-21.077],[149.227,-21.063],[149.224,-21.118],[149.223,-21.148],[149.209,-21.131],[149.217,-21.123],[149.163,-21.132],[149.153,-21.143],[149.173,-21.134],[149.215,-21.145],[149.186,-21.199],[149.174,-21.199],[149.214,-21.242],[149.182,-21.274],[149.179,-21.285],[149.225,-21.264],[149.256,-21.245],[149.274,-21.278],[149.299,-21.273],[149.319,-21.37],[149.317,-21.393],[149.283,-21.395],[149.276,-21.401],[149.331,-21.41],[149.338,-21.427],[149.313,-21.427],[149.298,-21.426],[149.289,-21.491],[149.29,-21.507],[149.335,-21.487],[149.34,-21.475],[149.35,-21.509],[149.396,-21.493],[149.374,-21.535],[149.45,-21.578],[149.443,-21.593],[149.468,-21.535],[149.485,-21.532],[149.453,-21.603],[149.439,-21.64],[149.458,-21.708],[149.449,-21.713],[149.471,-21.708],[149.48,-21.743],[149.425,-21.743],[149.422,-21.772],[149.431,-21.746],[149.456,-21.83],[149.472,-21.839],[149.46,-21.904],[149.465,-21.926],[149.603,-22.272],[149.597,-22.281],[149.656,-22.336],[149.658,-22.355],[149.731,-22.348],[149.767,-22.371],[149.744,-22.421],[149.752,-22.436],[149.784,-22.38],[149.811,-22.382],[150.018,-22.64],[150.047,-22.661],[149.977,-22.473],[149.913,-22.343],[149.962,-22.344],[149.932,-22.334],[149.972,-22.33],[149.915,-22.321],[149.916,-22.295],[149.918,-22.274],[149.931,-22.264],[149.956,-22.185],[150.03,-22.136],[150.043,-22.126],[150.066,-22.153],[150.081,-22.152],[150.093,-22.218],[150.152,-22.26],[150.179,-22.341],[150.177,-22.36],[150.294,-22.403],[150.301,-22.398],[150.439,-22.512],[150.449,-22.535],[150.484,-22.534],[150.498,-22.56],[150.486,-22.521],[150.492,-22.521],[150.502,-22.538],[150.545,-22.561],[150.538,-22.572],[150.515,-22.557],[150.538,-22.598],[150.549,-22.617],[150.537,-22.59],[150.547,-22.576],[150.56,-22.603],[150.552,-22.566],[150.588,-22.559],[150.598,-22.559],[150.556,-22.477],[150.533,-22.45],[150.535,-22.445],[150.59,-22.464],[150.576,-22.451],[150.539,-22.443],[150.539,-22.352],[150.562,-22.317],[150.626,-22.328],[150.646,-22.346],[150.64,-22.364],[150.618,-22.348],[150.643,-22.38],[150.619,-22.39],[150.611,-22.389],[150.631,-22.399],[150.644,-22.391],[150.646,-22.424],[150.627,-22.442],[150.65,-22.439],[150.666,-22.454],[150.65,-22.369],[150.667,-22.347],[150.717,-22.444],[150.753,-22.446],[150.731,-22.485],[150.724,-22.519],[150.686,-22.492],[150.678,-22.473],[150.674,-22.495],[150.644,-22.474],[150.689,-22.545],[150.68,-22.573],[150.717,-22.554],[150.725,-22.563],[150.719,-22.6],[150.732,-22.623],[150.694,-22.606],[150.707,-22.636],[150.748,-22.636],[150.759,-22.627],[150.749,-22.634],[150.738,-22.624],[150.763,-22.552],[150.774,-22.552],[150.754,-22.524],[150.784,-22.529],[150.779,-22.578],[150.778,-22.639],[150.812,-22.68],[150.835,-22.684],[150.771,-23.056],[150.75,-23.129],[150.821,-23.236],[150.828,-23.236],[150.79,-23.31],[150.768,-23.303],[150.81,-23.407],[150.871,-23.481],[150.796,-23.501],[150.79,-23.51],[150.878,-23.552],[150.876,-23.565],[150.834,-23.554],[150.866,-23.575],[150.857,-23.621],[150.875,-23.577],[150.935,-23.544],[150.959,-23.553],[150.959,-23.599],[150.925,-23.623],[150.968,-23.605],[150.975,-23.555],[151.027,-23.572],[151.047,-23.63],[151.04,-23.637],[151.109,-23.661],[151.122,-23.671],[151.144,-23.77],[151.173,-23.816],[151.298,-23.86],[151.318,-23.855],[151.303,-23.874],[151.305,-23.9],[151.324,-23.875],[151.366,-23.937],[151.427,-23.987],[151.435,-24.058],[151.438,-24.077],[151.44,-24.035],[151.443,-24.026],[151.484,-24.075],[151.494,-24.067],[151.442,-24.016],[151.441,-23.992],[151.468,-23.995],[151.544,-24.029],[151.527,-24.035],[151.501,-24.045],[151.548,-24.089],[151.545,-24.113],[151.56,-24.074],[151.58,-24.087],[151.565,-24.037],[151.574,-24.036],[151.678,-24.11],[151.682,-24.104],[151.684,-24.089],[151.665,-24.06],[151.686,-24.067],[151.677,-24.05],[151.604,-24.009],[151.611,-23.979],[151.698,-24.012],[151.73,-24.022],[151.705,-24.04],[151.721,-24.069],[151.716,-24.087],[151.745,-24.032],[151.738,-24.003],[151.753,-24.018],[151.765,-24.015],[151.787,-24.118],[151.771,-24.13],[151.876,-24.172],[151.849,-24.218],[151.883,-24.176],[151.886,-24.149],[152.058,-24.512],[152.044,-24.525],[152.092,-24.566],[152.148,-24.627],[152.347,-24.732],[152.379,-24.732],[152.378,-24.768],[152.381,-24.797],[152.384,-24.763],[152.421,-24.775],[152.468,-24.816],[152.487,-24.93],[152.486,-24.971],[152.536,-25.081],[152.534,-25.09],[152.546,-25.074],[152.577,-25.119],[152.633,-25.152],[152.54,-25.19],[152.547,-25.205],[152.557,-25.182],[152.615,-25.183],[152.664,-25.244],[152.722,-25.27],[152.805,-25.248],[152.814,-25.243],[152.828,-25.248],[152.834,-25.276],[152.9,-25.281],[152.914,-25.293],[152.91,-25.378],[152.924,-25.431],[152.909,-25.419],[152.897,-25.419],[152.851,-25.485],[152.824,-25.494],[152.934,-25.432],[152.956,-25.434],[152.875,-25.556],[152.862,-25.553],[152.896,-25.658],[152.911,-25.675],[152.884,-25.674],[152.878,-25.684],[152.957,-25.757],[152.973,-25.762],[152.976,-25.771],[152.972,-25.794],[152.94,-25.795],[152.937,-25.815],[152.987,-25.803],[153.02,-25.83],[153.017,-25.866],[152.994,-25.881],[153.022,-25.866],[153.032,-25.878],[153.009,-25.904],[153.001,-25.907],[152.997,-25.935],[153.031,-25.934],[152.998,-25.953],[153.011,-25.99],[153.017,-25.997],[153.072,-25.823],[153.046,-25.808],[153.072,-25.812],[153.086,-25.889],[153.12,-25.934],[153.182,-25.928],[153.192,-25.933],[153.077,-26.225],[153.061,-26.313],[153.063,-26.347],[153.077,-26.379],[153.108,-26.377],[153.12,-26.379],[153.092,-26.518],[153.137,-26.773],[153.151,-26.802],[153.07,-26.908],[153.061,-26.893],[153.045,-26.986],[153.025,-26.988],[153.06,-26.989],[153.11,-27.062],[153.099,-27.064],[153.126,-27.063],[153.144,-27.075],[153.066,-27.111],[153.043,-27.149],[153.038,-27.128],[153.022,-27.124],[153.03,-27.183],[153.037,-27.197],[153.106,-27.191],[153.117,-27.198],[153.118,-27.234],[153.108,-27.262],[153.093,-27.256],[153.078,-27.263],[153.076,-27.228],[153.054,-27.23],[153.064,-27.283],[153.07,-27.314],[153.156,-27.363],[153.161,-27.377],[153.142,-27.416],[153.11,-27.439],[153.05,-27.44],[153.053,-27.46],[153.111,-27.443],[153.142,-27.422],[153.177,-27.362],[153.191,-27.367],[153.183,-27.394],[153.165,-27.397],[153.195,-27.456],[153.189,-27.476],[153.232,-27.482],[153.241,-27.465],[153.305,-27.575],[153.318,-27.582],[153.297,-27.595],[153.316,-27.68],[153.323,-27.7],[153.293,-27.692],[153.299,-27.711],[153.357,-27.712],[153.383,-27.709],[153.366,-27.671],[153.368,-27.649],[153.403,-27.634],[153.416,-27.642],[153.388,-27.657],[153.397,-27.697],[153.385,-27.709],[153.412,-27.741],[153.439,-27.736],[153.427,-27.779],[153.384,-27.784],[153.412,-27.791],[153.395,-27.819],[153.37,-27.801],[153.367,-27.801],[153.421,-27.941],[153.435,-27.934],[153.431,-28.003],[153.45,-28.084],[153.514,-28.161],[153.552,-28.164],[153.535,-28.178],[153.477,-28.157],[153.39,-28.235],[153.357,-28.25],[153.33,-28.237],[153.279,-28.234],[153.232,-28.265],[153.178,-28.247],[153.13,-28.331],[153.109,-28.358],[152.934,-28.338],[152.88,-28.31],[152.775,-28.347],[152.751,-28.364],[152.625,-28.298],[152.615,-28.27],[152.602,-28.307],[152.579,-28.339],[152.548,-28.321],[152.526,-28.306],[152.534,-28.263],[152.509,-28.249],[152.464,-28.259],[152.445,-28.299],[152.415,-28.298],[152.417,-28.333],[152.386,-28.369],[152.342,-28.368],[152.31,-28.363],[152.268,-28.39],[152.217,-28.449],[152.185,-28.439],[152.161,-28.433],[152.046,-28.495],[152.017,-28.525],[151.983,-28.503],[151.956,-28.519],[151.991,-28.624],[152.01,-28.665],[152.066,-28.697],[152.076,-28.708],[152.048,-28.74],[152.036,-28.757],[152.017,-28.839],[152.015,-28.851],[152.038,-28.865],[152.01,-28.908],[151.9,-28.915],[151.849,-28.908],[151.84,-28.943],[151.832,-28.96],[151.806,-28.945],[151.778,-28.96],[151.734,-28.872],[151.707,-28.872],[151.567,-28.942],[151.546,-28.953],[151.491,-29.056],[151.502,-29.071],[151.411,-29.153],[151.394,-29.178],[151.339,-29.177],[151.315,-29.166],[151.315,-29.134],[151.28,-29.101],[151.282,-28.954],[151.275,-28.939],[151.104,-28.844],[151.103,-28.836],[151.055,-28.849],[151.045,-28.844],[151.028,-28.761],[151.011,-28.741],[150.796,-28.655],[150.752,-28.633],[150.673,-28.65],[150.633,-28.677],[150.561,-28.662],[150.554,-28.653],[150.46,-28.669],[150.446,-28.665],[150.321,-28.557],[150.29,-28.537],[150.213,-28.568],[150.212,-28.574],[150.154,-28.557],[150.152,-28.55],[150.016,-28.581],[149.977,-28.613],[149.71,-28.62],[149.703,-28.634],[149.611,-28.601],[149.588,-28.573],[149.514,-28.582],[149.503,-28.574],[149.394,-28.677],[149.387,-28.696],[149.318,-28.714],[149.297,-28.71],[149.097,-28.832],[149.081,-28.842],[149.048,-28.917],[149.033,-28.956],[148.958,-28.999],[140.999,-28.999],[140.999,-25.996],[137.999,-25.997],[138.001,-16.545],[138.117,-16.648],[138.176,-16.686],[138.273,-16.719],[138.324,-16.75],[138.54,-16.782],[138.629,-16.768],[138.881,-16.877],[138.884,-16.885],[138.979,-16.887],[139.039,-16.912],[139.087,-16.999],[139.158,-17.029],[139.141,-17.079],[139.155,-17.164],[139.201,-17.27],[139.238,-17.32],[139.306,-17.365],[139.45,-17.394],[139.436,-17.423],[139.452,-17.396],[139.477,-17.401],[139.603,-17.505],[139.647,-17.538],[139.809,-17.578],[139.822,-17.571],[139.847,-17.596],[139.938,-17.631],[139.949,-17.674],[140.004,-17.715],[140.217,-17.709],[140.385,-17.678],[140.566,-17.602],[140.594,-17.598],[140.829,-17.455],[140.887,-17.382],[140.954,-17.099],[140.962,-17.093],[140.947,-17.041],[140.958,-16.998],[141.065,-16.87],[141.082,-16.803],[141.129,-16.78],[141.204,-16.692],[141.221,-16.656],[141.233,-16.588],[141.271,-16.558],[141.296,-16.496],[141.287,-16.426],[141.286,-16.408],[141.412,-16.123],[141.433,-16.075],[141.393,-15.951],[141.373,-15.917],[141.409,-15.871],[141.435,-15.658],[141.58,-15.199],[141.632,-15.162],[141.664,-15.004]],[[141.663,-15.003],[141.663,-15.003]],[[153.419,-27.984],[153.419,-27.984]],[[153.385,-27.874],[153.385,-27.874]],[[153.38,-27.882],[153.352,-27.902],[153.342,-27.895],[153.343,-27.911],[153.349,-27.919],[153.38,-27.882]],[[153.381,-27.859],[153.368,-27.849],[153.36,-27.849],[153.381,-27.859]],[[153.189,-27.489],[153.189,-27.489]],[[153.053,-27.47],[153.053,-27.47]],[[153.034,-27.469],[153.004,-27.475],[152.995,-27.49],[153.015,-27.492],[153.021,-27.501],[152.998,-27.515],[153.008,-27.521],[153.016,-27.491],[152.996,-27.489],[153.034,-27.469]],[[153.008,-27.521],[152.997,-27.522],[152.971,-27.505],[152.966,-27.514],[152.974,-27.543],[152.939,-27.525],[152.927,-27.529],[152.893,-27.577],[152.905,-27.601],[152.862,-27.597],[152.856,-27.596],[152.896,-27.602],[152.906,-27.602],[152.907,-27.556],[152.904,-27.545],[152.941,-27.528],[152.974,-27.545],[152.968,-27.516],[152.972,-27.506],[153.008,-27.521]],[[152.937,-25.761],[152.937,-25.761]],[[152.525,-25.071],[152.525,-25.071]],[[150.574,-22.482],[150.608,-22.501],[150.574,-22.482]],[[142.594,-10.889],[142.594,-10.889]],[[149.451,-21.729],[149.451,-21.729]],[[151.636,-24.0],[151.636,-24.0]]],[[[143.588,-13.532],[143.588,-13.532]]],[[[147.42,-19.321],[147.385,-19.302],[147.42,-19.321]]],[[[153.547,-27.435],[153.459,-27.671],[153.454,-27.729],[153.413,-27.739],[153.393,-27.707],[153.399,-27.663],[153.422,-27.642],[153.413,-27.512],[153.398,-27.496],[153.432,-27.411],[153.438,-27.395],[153.547,-27.435]]],[[[153.468,-27.028],[153.434,-27.131],[153.42,-27.204],[153.437,-27.334],[153.428,-27.364],[153.421,-27.331],[153.366,-27.201],[153.37,-27.103],[153.361,-27.061],[153.468,-27.028]]],[[[153.445,-27.757],[153.426,-27.924],[153.431,-27.933],[153.409,-27.857],[153.407,-27.834],[153.445,-27.757]]],[[[153.419,-27.932],[153.419,-27.932]]],[[[153.398,-27.823],[153.398,-27.823]]],[[[153.39,-27.62],[153.39,-27.62]]],[[[153.376,-27.618],[153.362,-27.632],[153.347,-27.622],[153.361,-27.58],[153.376,-27.618]]],[[[153.375,-27.498],[153.345,-27.514],[153.337,-27.498],[153.375,-27.498]]],[[[153.362,-27.684],[153.362,-27.684]]],[[[152.95,-25.574],[153.034,-25.385],[153.051,-25.345],[153.046,-25.248],[153.052,-25.245],[152.995,-25.23],[152.992,-25.221],[153.16,-25.084],[153.222,-24.996],[153.234,-24.942],[153.226,-24.912],[153.144,-24.817],[153.119,-24.815],[153.25,-24.698],[153.265,-24.697],[153.26,-24.824],[153.27,-24.893],[153.325,-24.964],[153.351,-24.963],[153.352,-25.0],[153.36,-25.006],[153.188,-25.371],[153.108,-25.56],[153.089,-25.758],[153.078,-25.792],[153.039,-25.793],[153.015,-25.769],[152.95,-25.574]]],[[[153.353,-27.632],[153.353,-27.632]]],[[[153.342,-27.605],[153.342,-27.605]]],[[[153.341,-27.649],[153.341,-27.649]]],[[[153.34,-27.69],[153.327,-27.695],[153.32,-27.68],[153.34,-27.69]]],[[[153.339,-27.567],[153.335,-27.575],[153.319,-27.573],[153.339,-27.567]]],[[[153.242,-27.391],[153.242,-27.391]]],[[[153.208,-27.082],[153.197,-27.097],[153.166,-27.099],[153.099,-26.986],[153.079,-26.972],[153.091,-26.945],[153.075,-26.92],[153.13,-26.874],[153.13,-26.814],[153.208,-27.082]]],[[[153.189,-27.402],[153.189,-27.402]]],[[[153.086,-27.008],[153.086,-27.008]]],[[[152.994,-25.335],[152.959,-25.303],[152.943,-25.273],[152.994,-25.335]]],[[[152.969,-25.477],[152.969,-25.477]]],[[[152.964,-25.62],[152.964,-25.62]]],[[[152.956,-25.495],[152.915,-25.529],[152.909,-25.5],[152.956,-25.495]]],[[[152.95,-25.558],[152.95,-25.558]]],[[[152.938,-25.611],[152.938,-25.611]]],[[[152.93,-25.618],[152.93,-25.618]]],[[[152.928,-25.583],[152.928,-25.583]]],[[[152.922,-25.56],[152.922,-25.56]]],[[[152.912,-25.549],[152.912,-25.549]]],[[[152.904,-25.571],[152.904,-25.571]]],[[[152.901,-25.593],[152.901,-25.593]]],[[[151.664,-24.047],[151.664,-24.047]]],[[[151.548,-24.078],[151.548,-24.078]]],[[[151.462,-24.044],[151.462,-24.044]]],[[[151.44,-24.047],[151.44,-24.047]]],[[[151.394,-23.865],[151.374,-23.881],[151.366,-23.875],[151.328,-23.798],[151.324,-23.778],[151.333,-23.768],[151.333,-23.754],[151.394,-23.865]]],[[[151.315,-23.759],[151.291,-23.759],[151.285,-23.797],[151.262,-23.757],[151.262,-23.749],[151.222,-23.799],[151.215,-23.794],[151.092,-23.645],[151.048,-23.623],[150.99,-23.498],[150.979,-23.489],[151.048,-23.452],[151.057,-23.448],[151.078,-23.483],[151.073,-23.488],[151.155,-23.511],[151.202,-23.512],[151.193,-23.531],[151.183,-23.541],[151.219,-23.504],[151.235,-23.484],[151.226,-23.609],[151.315,-23.759]]],[[[151.289,-23.805],[151.289,-23.805]]],[[[151.163,-23.397],[151.163,-23.397]]],[[[150.995,-23.181],[150.939,-23.198],[150.932,-23.179],[150.956,-23.156],[150.976,-23.149],[150.995,-23.181]]],[[[150.976,-23.215],[150.976,-23.215]]],[[[150.914,-23.08],[150.889,-23.083],[150.885,-23.077],[150.892,-23.054],[150.914,-23.08]]],[[[150.872,-23.506],[150.865,-23.517],[150.851,-23.512],[150.872,-23.506]]],[[[150.865,-23.528],[150.847,-23.533],[150.838,-23.521],[150.865,-23.528]]],[[[150.698,-21.953],[150.69,-21.967],[150.677,-21.965],[150.698,-21.953]]],[[[150.677,-22.09],[150.677,-22.09]]],[[[150.663,-22.335],[150.663,-22.335]]],[[[150.648,-22.009],[150.648,-22.009]]],[[[150.561,-22.295],[150.505,-22.334],[150.483,-22.349],[150.478,-22.321],[150.5,-22.303],[150.464,-22.301],[150.459,-22.297],[150.475,-22.261],[150.5,-22.27],[150.47,-22.222],[150.479,-22.207],[150.561,-22.295]]],[[[150.528,-22.374],[150.528,-22.374]]],[[[150.5,-22.546],[150.5,-22.546]]],[[[150.465,-22.248],[150.422,-22.299],[150.416,-22.28],[150.43,-22.251],[150.441,-22.232],[150.465,-22.248]]],[[[150.45,-22.315],[150.45,-22.315]]],[[[150.374,-22.021],[150.374,-22.021]]],[[[150.364,-21.721],[150.325,-21.769],[150.3,-21.746],[150.364,-21.721]]],[[[150.351,-21.667],[150.34,-21.674],[150.326,-21.659],[150.351,-21.667]]],[[[150.323,-22.236],[150.304,-22.25],[150.298,-22.244],[150.323,-22.236]]],[[[150.302,-21.665],[150.243,-21.675],[150.243,-21.654],[150.25,-21.651],[150.247,-21.619],[150.302,-21.665]]],[[[150.283,-22.352],[150.259,-22.364],[150.251,-22.365],[150.283,-22.352]]],[[[150.281,-21.483],[150.281,-21.483]]],[[[150.276,-21.517],[150.258,-21.529],[150.245,-21.517],[150.276,-21.517]]],[[[150.186,-21.978],[150.169,-22.004],[150.152,-21.971],[150.186,-21.978]]],[[[150.15,-21.961],[150.15,-21.961]]],[[[150.139,-21.998],[150.139,-21.998]]],[[[150.12,-21.918],[150.12,-21.918]]],[[[150.04,-22.111],[149.945,-22.172],[149.933,-22.152],[150.001,-22.105],[150.01,-22.101],[150.04,-22.111]]],[[[150.019,-22.621],[150.019,-22.621]]],[[[149.932,-22.187],[149.932,-22.187]]],[[[149.93,-22.134],[149.919,-22.205],[149.909,-22.224],[149.896,-22.235],[149.87,-22.226],[149.879,-22.207],[149.862,-22.17],[149.882,-22.068],[149.901,-22.052],[149.93,-22.134]]],[[[149.917,-21.507],[149.917,-21.507]]],[[[149.916,-22.236],[149.916,-22.236]]],[[[149.911,-21.018],[149.911,-21.018]]],[[[149.91,-22.474],[149.91,-22.474]]],[[[149.901,-22.236],[149.901,-22.236]]],[[[149.897,-21.498],[149.897,-21.498]]],[[[149.895,-22.256],[149.895,-22.256]]],[[[149.893,-22.248],[149.893,-22.248]]],[[[149.881,-21.994],[149.862,-22.013],[149.844,-22.004],[149.881,-21.994]]],[[[149.842,-21.659],[149.842,-21.659]]],[[[149.837,-21.379],[149.837,-21.379]]],[[[149.819,-21.606],[149.789,-21.609],[149.781,-21.613],[149.819,-21.606]]],[[[149.804,-21.832],[149.804,-21.832]]],[[[149.763,-22.406],[149.763,-22.406]]],[[[149.718,-21.456],[149.718,-21.456]]],[[[149.695,-21.324],[149.686,-21.332],[149.664,-21.311],[149.695,-21.324]]],[[[149.665,-21.975],[149.665,-21.975]]],[[[149.654,-21.929],[149.654,-21.929]]],[[[149.626,-20.77],[149.626,-20.77]]],[[[149.626,-20.869],[149.597,-20.885],[149.578,-20.869],[149.606,-20.865],[149.603,-20.846],[149.626,-20.869]]],[[[149.589,-22.138],[149.589,-22.138]]],[[[149.583,-21.974],[149.566,-21.992],[149.559,-21.988],[149.583,-21.974]]],[[[149.5,-21.829],[149.487,-21.837],[149.469,-21.822],[149.5,-21.829]]],[[[149.499,-21.598],[149.499,-21.598]]],[[[149.484,-20.741],[149.484,-20.741]]],[[[149.47,-20.928],[149.47,-20.928]]],[[[149.461,-20.915],[149.426,-20.946],[149.422,-20.939],[149.428,-20.927],[149.425,-20.907],[149.461,-20.915]]],[[[149.423,-20.92],[149.405,-20.924],[149.386,-20.904],[149.423,-20.92]]],[[[149.412,-20.773],[149.398,-20.779],[149.39,-20.769],[149.412,-20.773]]],[[[149.301,-20.797],[149.277,-20.793],[149.274,-20.778],[149.301,-20.797]]],[[[149.29,-20.81],[149.268,-20.81],[149.249,-20.806],[149.29,-20.81]]],[[[149.209,-20.691],[149.209,-20.691]]],[[[149.194,-20.672],[149.189,-20.689],[149.173,-20.672],[149.194,-20.672]]],[[[149.178,-20.248],[149.178,-20.248]]],[[[149.167,-20.683],[149.139,-20.695],[149.136,-20.686],[149.146,-20.673],[149.155,-20.662],[149.167,-20.683]]],[[[149.157,-20.237],[149.157,-20.237]]],[[[149.133,-20.467],[149.133,-20.467]]],[[[149.127,-20.348],[149.127,-20.348]]],[[[149.125,-20.271],[149.125,-20.271]]],[[[149.124,-20.544],[149.115,-20.553],[149.096,-20.547],[149.124,-20.544]]],[[[149.112,-20.274],[149.112,-20.274]]],[[[149.105,-20.481],[149.082,-20.484],[149.067,-20.526],[149.047,-20.513],[149.037,-20.503],[149.05,-20.51],[149.065,-20.502],[149.074,-20.452],[149.08,-20.436],[149.105,-20.481]]],[[[149.104,-20.251],[149.077,-20.293],[149.07,-20.293],[149.104,-20.251]]],[[[149.09,-20.522],[149.09,-20.522]]],[[[149.089,-20.66],[149.067,-20.641],[149.055,-20.618],[149.089,-20.66]]],[[[149.075,-20.304],[149.075,-20.304]]],[[[149.065,-20.453],[149.034,-20.46],[149.024,-20.441],[149.065,-20.453]]],[[[149.062,-20.293],[148.987,-20.323],[148.963,-20.329],[148.95,-20.303],[148.975,-20.269],[148.957,-20.281],[148.938,-20.307],[148.929,-20.286],[148.913,-20.291],[148.943,-20.268],[148.962,-20.245],[148.942,-20.243],[148.938,-20.24],[148.96,-20.187],[148.956,-20.158],[148.996,-20.203],[148.992,-20.25],[149.011,-20.233],[149.004,-20.255],[149.026,-20.235],[149.015,-20.27],[149.062,-20.293]]],[[[149.044,-20.156],[149.039,-20.183],[149.021,-20.161],[149.044,-20.156]]],[[[149.036,-20.397],[149.036,-20.397]]],[[[148.996,-20.353],[148.996,-20.353]]],[[[148.983,-20.352],[148.955,-20.357],[148.945,-20.364],[148.946,-20.333],[148.983,-20.352]]],[[[148.968,-20.068],[148.937,-20.102],[148.951,-20.157],[148.932,-20.178],[148.93,-20.133],[148.902,-20.166],[148.916,-20.123],[148.888,-20.169],[148.882,-20.162],[148.902,-20.08],[148.907,-20.071],[148.968,-20.068]]],[[[148.942,-20.376],[148.942,-20.376]]],[[[148.929,-20.319],[148.929,-20.319]]],[[[148.928,-20.852],[148.928,-20.852]]],[[[148.924,-20.256],[148.924,-20.256]]],[[[148.915,-20.853],[148.898,-20.855],[148.891,-20.829],[148.915,-20.853]]],[[[148.898,-20.05],[148.898,-20.05]]],[[[148.883,-20.601],[148.883,-20.601]]],[[[148.876,-20.613],[148.876,-20.613]]],[[[148.875,-20.385],[148.852,-20.382],[148.845,-20.336],[148.875,-20.385]]],[[[148.85,-20.261],[148.84,-20.28],[148.827,-20.285],[148.85,-20.261]]],[[[148.83,-20.236],[148.83,-20.236]]],[[[148.614,-20.149],[148.614,-20.149]]],[[[148.576,-20.101],[148.576,-20.101]]],[[[148.479,-20.002],[148.475,-20.05],[148.445,-20.044],[148.438,-20.021],[148.445,-19.974],[148.479,-20.002]]],[[[148.294,-20.032],[148.294,-20.032]]],[[[146.884,-19.114],[146.851,-19.16],[146.846,-19.182],[146.804,-19.161],[146.779,-19.129],[146.884,-19.114]]],[[[146.694,-18.756],[146.568,-18.763],[146.567,-18.751],[146.589,-18.712],[146.572,-18.678],[146.62,-18.708],[146.642,-18.75],[146.694,-18.756]]],[[[146.643,-19.032],[146.643,-19.032]]],[[[146.622,-19.032],[146.598,-19.035],[146.622,-19.032]]],[[[146.568,-18.671],[146.556,-18.688],[146.539,-18.658],[146.568,-18.671]]],[[[146.551,-18.842],[146.551,-18.842]]],[[[146.527,-18.672],[146.519,-18.684],[146.506,-18.66],[146.527,-18.672]]],[[[146.508,-18.623],[146.503,-18.656],[146.489,-18.668],[146.495,-18.599],[146.481,-18.585],[146.508,-18.623]]],[[[146.505,-18.554],[146.505,-18.554]]],[[[146.237,-18.282],[146.224,-18.214],[146.223,-18.195],[146.232,-18.22],[146.251,-18.237],[146.299,-18.231],[146.306,-18.242],[146.286,-18.272],[146.276,-18.318],[146.318,-18.352],[146.331,-18.362],[146.324,-18.4],[146.358,-18.418],[146.324,-18.486],[146.301,-18.494],[146.248,-18.489],[146.224,-18.479],[146.207,-18.398],[146.191,-18.367],[146.101,-18.286],[146.071,-18.247],[146.104,-18.234],[146.127,-18.235],[146.237,-18.282]]],[[[146.287,-18.142],[146.287,-18.142]]],[[[146.209,-18.461],[146.209,-18.461]]],[[[146.179,-18.397],[146.196,-18.418],[146.193,-18.429],[146.167,-18.405],[146.145,-18.358],[146.179,-18.397]]],[[[146.192,-18.166],[146.176,-18.181],[146.152,-18.175],[146.161,-18.152],[146.192,-18.166]]],[[[146.187,-18.43],[146.187,-18.43]]],[[[146.181,-18.42],[146.181,-18.42]]],[[[146.178,-17.967],[146.134,-17.935],[146.178,-17.967]]],[[[146.017,-17.155],[146.017,-17.155]]],[[[146.005,-16.924],[146.005,-16.924]]],[[[145.477,-14.67],[145.448,-14.68],[145.445,-14.667],[145.456,-14.672],[145.451,-14.647],[145.477,-14.67]]],[[[144.99,-14.503],[144.979,-14.512],[144.951,-14.499],[144.99,-14.503]]],[[[144.818,-14.432],[144.818,-14.432]]],[[[144.533,-14.119],[144.533,-14.119]]],[[[144.338,-14.095],[144.338,-14.095]]],[[[144.338,-14.095],[144.338,-14.095]]],[[[144.284,-14.195],[144.24,-14.191],[144.232,-14.175],[144.25,-14.16],[144.273,-14.159],[144.284,-14.195]]],[[[144.279,-14.226],[144.27,-14.239],[144.245,-14.221],[144.279,-14.226]]],[[[144.268,-14.148],[144.245,-14.152],[144.21,-14.185],[144.229,-14.155],[144.231,-14.133],[144.268,-14.148]]],[[[144.231,-14.21],[144.203,-14.23],[144.231,-14.21]]],[[[144.064,-9.913],[144.058,-9.924],[144.039,-9.923],[144.064,-9.913]]],[[[143.785,-9.577],[143.76,-9.597],[143.759,-9.581],[143.785,-9.577]]],[[[143.779,-14.222],[143.779,-14.222]]],[[[143.722,-13.866],[143.722,-13.866]]],[[[143.502,-12.527],[143.475,-12.521],[143.454,-12.504],[143.502,-12.527]]],[[[143.423,-9.75],[143.398,-9.755],[143.423,-9.75]]],[[[143.415,-12.289],[143.415,-12.289]]],[[[143.401,-12.869],[143.401,-12.869]]],[[[143.401,-12.896],[143.401,-12.896]]],[[[143.391,-12.879],[143.391,-12.879]]],[[[143.388,-12.87],[143.388,-12.87]]],[[[143.378,-12.886],[143.378,-12.886]]],[[[143.276,-11.985],[143.276,-11.985]]],[[[142.977,-9.805],[142.977,-9.805]]],[[[142.948,-9.854],[142.913,-9.867],[142.898,-9.853],[142.948,-9.854]]],[[[142.868,-10.039],[142.858,-10.053],[142.826,-10.025],[142.868,-10.039]]],[[[142.801,-9.376],[142.744,-9.419],[142.707,-9.428],[142.609,-9.415],[142.597,-9.403],[142.604,-9.383],[142.647,-9.365],[142.801,-9.376]]],[[[142.783,-9.904],[142.783,-9.904]]],[[[142.725,-9.368],[142.699,-9.377],[142.667,-9.37],[142.725,-9.368]]],[[[142.706,-10.953],[142.667,-10.936],[142.651,-10.924],[142.652,-10.915],[142.69,-10.92],[142.706,-10.953]]],[[[142.666,-10.629],[142.651,-10.639],[142.632,-10.627],[142.666,-10.629]]],[[[142.649,-9.764],[142.648,-9.773],[142.622,-9.773],[142.649,-9.764]]],[[[142.639,-10.92],[142.639,-10.92]]],[[[142.628,-10.598],[142.628,-10.598]]],[[[142.623,-10.743],[142.612,-10.745],[142.584,-10.714],[142.623,-10.743]]],[[[142.552,-9.42],[142.532,-9.436],[142.529,-9.411],[142.552,-9.42]]],[[[142.518,-10.192],[142.518,-10.192]]],[[[142.515,-10.158],[142.515,-10.158]]],[[[142.49,-10.243],[142.49,-10.243]]],[[[142.411,-10.712],[142.386,-10.75],[142.411,-10.712]]],[[[142.344,-10.172],[142.332,-10.199],[142.279,-10.26],[142.218,-10.239],[142.184,-10.189],[142.206,-10.162],[142.22,-10.129],[142.254,-10.125],[142.266,-10.116],[142.344,-10.172]]],[[[142.326,-10.611],[142.268,-10.642],[142.236,-10.607],[142.257,-10.579],[142.306,-10.571],[142.326,-10.611]]],[[[142.321,-10.531],[142.3,-10.542],[142.284,-10.528],[142.304,-10.521],[142.312,-10.506],[142.321,-10.531]]],[[[142.319,-9.568],[142.284,-9.57],[142.258,-9.554],[142.319,-9.568]]],[[[142.305,-10.722],[142.29,-10.734],[142.282,-10.716],[142.305,-10.722]]],[[[142.295,-9.263],[142.284,-9.285],[142.245,-9.291],[142.161,-9.281],[142.132,-9.264],[142.222,-9.23],[142.295,-9.263]]],[[[142.277,-10.706],[142.227,-10.721],[142.207,-10.726],[142.186,-10.766],[142.178,-10.771],[142.119,-10.711],[142.11,-10.685],[142.187,-10.598],[142.204,-10.595],[142.277,-10.706]]],[[[142.251,-9.229],[142.251,-9.229]]],[[[142.233,-10.574],[142.211,-10.589],[142.206,-10.581],[142.233,-10.574]]],[[[142.23,-10.534],[142.184,-10.568],[142.183,-10.553],[142.23,-10.534]]],[[[142.201,-9.949],[142.178,-9.973],[142.165,-9.952],[142.201,-9.949]]],[[[142.192,-10.106],[142.171,-10.158],[142.163,-10.181],[142.092,-10.123],[142.085,-10.113],[142.113,-10.083],[142.114,-10.069],[142.168,-10.069],[142.182,-10.059],[142.192,-10.106]]],[[[142.188,-9.233],[142.156,-9.247],[142.188,-9.233]]],[[[142.179,-10.586],[142.169,-10.606],[142.146,-10.595],[142.179,-10.586]]],[[[142.173,-10.208],[142.173,-10.208]]],[[[142.171,-10.554],[142.158,-10.57],[142.146,-10.566],[142.171,-10.554]]],[[[142.141,-10.373],[142.141,-10.373]]],[[[142.115,-10.991],[142.115,-10.991]]],[[[142.077,-10.265],[142.077,-10.265]]],[[[142.06,-10.354],[142.06,-10.354]]],[[[139.887,-16.653],[139.856,-16.677],[139.848,-16.663],[139.887,-16.653]]],[[[139.814,-16.491],[139.814,-16.491]]],[[[139.735,-16.477],[139.71,-16.49],[139.701,-16.474],[139.718,-16.45],[139.726,-16.451],[139.735,-16.477]]],[[[139.712,-16.531],[139.626,-16.53],[139.596,-16.554],[139.567,-16.475],[139.547,-16.461],[139.561,-16.48],[139.507,-16.512],[139.475,-16.526],[139.514,-16.545],[139.507,-16.577],[139.484,-16.556],[139.453,-16.57],[139.467,-16.569],[139.473,-16.583],[139.466,-16.628],[139.439,-16.631],[139.451,-16.666],[139.438,-16.675],[139.38,-16.647],[139.376,-16.642],[139.369,-16.672],[139.374,-16.686],[139.305,-16.724],[139.275,-16.734],[139.254,-16.724],[139.23,-16.731],[139.2,-16.708],[139.195,-16.662],[139.166,-16.668],[139.151,-16.634],[139.292,-16.477],[139.304,-16.463],[139.42,-16.445],[139.465,-16.446],[139.535,-16.409],[139.548,-16.391],[139.65,-16.45],[139.676,-16.451],[139.712,-16.531]]],[[[139.639,-17.074],[139.596,-17.133],[139.595,-17.112],[139.639,-17.074]]],[[[139.473,-17.096],[139.427,-17.106],[139.44,-17.136],[139.435,-17.139],[139.411,-17.122],[139.394,-17.083],[139.469,-17.029],[139.462,-17.025],[139.486,-17.036],[139.49,-17.045],[139.493,-16.997],[139.494,-16.98],[139.544,-17.031],[139.556,-17.034],[139.554,-17.07],[139.578,-17.094],[139.514,-17.112],[139.519,-17.123],[139.473,-17.096]],[[139.48,-17.094],[139.48,-17.094]]],[[[139.561,-17.114],[139.561,-17.114]]],[[[139.478,-16.679],[139.441,-16.704],[139.438,-16.695],[139.478,-16.679]]],[[[139.284,-16.264],[139.284,-16.264]]],[[[139.28,-16.994],[139.28,-16.994]]],[[[139.266,-17.058],[139.215,-17.036],[139.207,-17.003],[139.266,-17.058]]],[[[139.189,-16.682],[139.162,-16.749],[139.141,-16.754],[139.146,-16.692],[139.189,-16.682]]],[[[139.152,-16.822],[139.095,-16.843],[139.091,-16.827],[139.095,-16.813],[139.133,-16.798],[139.152,-16.822]]],[[[139.077,-16.902],[139.046,-16.885],[139.077,-16.902]]],[[[139.068,-16.865],[139.068,-16.865]]]]}},{"type":"Feature","id":3,"properties":{"name":"South Australia","code":"SA"},"geometry":{"type":"MultiPolygon","coordinates":[[[[138.5,-34.844],[138.546,-34.811],[138.566,-34.825],[138.544,-34.775],[138.541,-34.753],[138.445,-34.67],[138.431,-34.668],[138.446,-34.653],[138.426,-34.622],[138.344,-34.531],[138.266,-34.477],[138.231,-34.344],[138.223,-34.311],[138.192,-34.272],[138.146,-34.266],[138.168,-34.245],[138.166,-34.221],[138.102,-34.139],[138.077,-34.134],[138.012,-34.231],[138.002,-34.257],[138.022,-34.285],[138.007,-34.349],[137.918,-34.428],[137.899,-34.494],[137.888,-34.507],[137.876,-34.598],[137.908,-34.616],[137.757,-34.997],[137.764,-35.041],[137.734,-35.044],[137.725,-35.054],[137.743,-35.103],[137.759,-35.115],[137.678,-35.168],[137.637,-35.168],[137.464,-35.099],[137.423,-35.098],[137.335,-35.164],[137.348,-35.163],[137.265,-35.159],[137.238,-35.165],[137.191,-35.229],[137.174,-35.237],[137.077,-35.226],[137.001,-35.223],[136.945,-35.269],[136.944,-35.282],[136.849,-35.282],[136.822,-35.245],[136.846,-35.229],[136.846,-35.19],[136.913,-35.154],[136.941,-35.129],[136.961,-35.082],[136.93,-35.029],[137.013,-34.92],[137.014,-34.893],[137.093,-34.92],[137.224,-34.904],[137.276,-34.894],[137.356,-34.947],[137.375,-34.954],[137.415,-34.939],[137.449,-34.91],[137.46,-34.808],[137.509,-34.618],[137.487,-34.482],[137.483,-34.439],[137.463,-34.427],[137.427,-34.473],[137.415,-34.46],[137.465,-34.401],[137.476,-34.392],[137.5,-34.227],[137.45,-34.136],[137.507,-34.138],[137.522,-34.129],[137.526,-34.108],[137.568,-34.044],[137.552,-34.014],[137.527,-34.004],[137.6,-33.936],[137.631,-33.922],[137.625,-33.895],[137.6,-33.877],[137.857,-33.631],[137.879,-33.597],[137.892,-33.588],[137.92,-33.587],[137.893,-33.626],[137.918,-33.625],[137.936,-33.58],[137.935,-33.553],[137.965,-33.574],[137.977,-33.559],[137.963,-33.551],[137.939,-33.548],[137.907,-33.434],[137.87,-33.397],[137.884,-33.352],[137.881,-33.323],[137.817,-33.287],[137.811,-33.266],[137.853,-33.21],[137.854,-33.197],[137.988,-33.144],[138.001,-33.132],[138.012,-33.178],[138.024,-33.182],[138.048,-33.136],[138.054,-33.115],[138.037,-33.103],[138.025,-33.106],[138.039,-33.101],[138.046,-33.087],[138.019,-33.036],[137.952,-33.006],[137.912,-32.853],[137.901,-32.778],[137.937,-32.767],[137.944,-32.758],[137.887,-32.715],[137.838,-32.696],[137.86,-32.689],[137.868,-32.664],[137.836,-32.638],[137.803,-32.608],[137.829,-32.594],[137.839,-32.604],[137.83,-32.585],[137.836,-32.575],[137.823,-32.56],[137.782,-32.55],[137.766,-32.44],[137.75,-32.415],[137.757,-32.694],[137.75,-32.708],[137.781,-32.714],[137.81,-32.749],[137.804,-32.797],[137.811,-32.845],[137.798,-32.894],[137.789,-32.915],[137.75,-32.922],[137.787,-33.0],[137.661,-32.951],[137.641,-32.955],[137.586,-33.022],[137.597,-33.036],[137.458,-33.136],[137.452,-33.131],[137.442,-33.152],[137.434,-33.23],[137.385,-33.298],[137.374,-33.293],[137.361,-33.415],[137.361,-33.439],[137.315,-33.472],[137.252,-33.608],[137.213,-33.661],[137.026,-33.72],[136.992,-33.725],[136.668,-33.879],[136.593,-33.9],[136.572,-33.923],[136.575,-33.943],[136.435,-34.012],[136.363,-34.069],[136.331,-34.148],[136.324,-34.182],[136.278,-34.221],[136.261,-34.268],[136.234,-34.296],[136.188,-34.335],[136.139,-34.341],[136.112,-34.359],[136.104,-34.383],[136.13,-34.407],[136.116,-34.408],[136.092,-34.43],[136.117,-34.426],[136.114,-34.459],[136.122,-34.467],[136.096,-34.525],[136.092,-34.543],[136.083,-34.495],[136.056,-34.479],[136.015,-34.499],[136.022,-34.516],[135.974,-34.505],[135.932,-34.529],[135.923,-34.55],[135.902,-34.593],[135.933,-34.61],[135.937,-34.649],[135.891,-34.616],[135.862,-34.634],[135.854,-34.665],[135.854,-34.715],[135.892,-34.744],[135.891,-34.751],[135.846,-34.753],[135.786,-34.809],[135.861,-34.807],[135.893,-34.806],[135.95,-34.766],[135.956,-34.757],[135.961,-34.784],[135.981,-34.785],[135.995,-34.725],[136.007,-34.736],[135.994,-34.828],[135.96,-34.849],[135.998,-34.959],[136.005,-34.98],[135.961,-35.005],[135.954,-35.006],[135.932,-34.971],[135.929,-34.948],[135.868,-34.92],[135.856,-34.927],[135.854,-34.887],[135.792,-34.861],[135.752,-34.856],[135.713,-34.865],[135.688,-34.923],[135.686,-34.945],[135.654,-34.936],[135.619,-34.944],[135.615,-34.924],[135.624,-34.906],[135.494,-34.766],[135.474,-34.744],[135.35,-34.68],[135.325,-34.686],[135.347,-34.666],[135.342,-34.629],[135.284,-34.576],[135.252,-34.552],[135.209,-34.559],[135.174,-34.555],[135.143,-34.592],[135.109,-34.588],[135.195,-34.434],[135.206,-34.429],[135.221,-34.499],[135.354,-34.522],[135.316,-34.521],[135.298,-34.552],[135.391,-34.623],[135.402,-34.633],[135.364,-34.637],[135.366,-34.642],[135.51,-34.621],[135.517,-34.613],[135.478,-34.597],[135.458,-34.586],[135.473,-34.617],[135.432,-34.603],[135.436,-34.542],[135.446,-34.537],[135.415,-34.521],[135.405,-34.507],[135.414,-34.588],[135.396,-34.593],[135.422,-34.601],[135.389,-34.595],[135.36,-34.344],[135.346,-34.268],[135.256,-34.155],[135.241,-34.15],[135.244,-34.141],[135.279,-34.12],[135.272,-34.02],[135.252,-33.981],[135.194,-33.92],[135.182,-33.878],[135.082,-33.804],[135.04,-33.755],[134.861,-33.644],[134.83,-33.626],[134.863,-33.547],[134.845,-33.436],[134.802,-33.329],[134.688,-33.25],[134.658,-33.234],[134.709,-33.233],[134.719,-33.23],[134.717,-33.196],[134.702,-33.175],[134.595,-33.139],[134.558,-33.161],[134.626,-33.195],[134.641,-33.183],[134.631,-33.214],[134.664,-33.223],[134.642,-33.224],[134.631,-33.245],[134.506,-33.161],[134.451,-33.145],[134.389,-33.177],[134.369,-33.176],[134.284,-33.029],[134.276,-33.025],[134.261,-33.073],[134.266,-33.088],[134.317,-33.125],[134.358,-33.148],[134.351,-33.19],[134.328,-33.199],[134.26,-33.153],[134.247,-33.087],[134.23,-33.043],[134.192,-33.035],[134.168,-33.056],[134.165,-33.041],[134.139,-33.018],[134.167,-33.009],[134.194,-33.014],[134.202,-32.964],[134.189,-32.942],[134.081,-32.919],[134.061,-32.908],[134.117,-32.868],[134.138,-32.84],[134.119,-32.783],[134.06,-32.722],[134.174,-32.718],[134.205,-32.725],[134.215,-32.731],[134.153,-32.724],[134.165,-32.737],[134.2,-32.747],[134.197,-32.795],[134.222,-32.79],[134.26,-32.735],[134.29,-32.693],[134.278,-32.609],[134.266,-32.574],[134.214,-32.511],[134.163,-32.469],[134.063,-32.456],[134.057,-32.441],[134.062,-32.456],[134.086,-32.471],[134.037,-32.46],[133.995,-32.484],[133.992,-32.505],[133.955,-32.494],[133.923,-32.495],[133.896,-32.523],[133.894,-32.541],[133.861,-32.532],[133.849,-32.542],[133.867,-32.42],[133.867,-32.399],[133.897,-32.4],[133.887,-32.423],[133.919,-32.428],[133.947,-32.412],[133.951,-32.389],[133.827,-32.243],[133.821,-32.234],[133.808,-32.243],[133.77,-32.264],[133.762,-32.224],[133.757,-32.206],[133.715,-32.195],[133.679,-32.203],[133.693,-32.155],[133.648,-32.152],[133.643,-32.145],[133.671,-32.135],[133.667,-32.104],[133.614,-32.086],[133.592,-32.087],[133.556,-32.159],[133.553,-32.17],[133.519,-32.136],[133.525,-32.127],[133.511,-32.153],[133.497,-32.151],[133.489,-32.11],[133.473,-32.1],[133.398,-32.157],[133.392,-32.159],[133.492,-32.196],[133.488,-32.206],[133.486,-32.196],[133.446,-32.179],[133.275,-32.195],[133.253,-32.211],[133.23,-32.191],[133.165,-32.17],[133.148,-32.195],[133.126,-32.209],[133.138,-32.175],[133.088,-32.127],[133.007,-32.083],[132.98,-32.107],[132.982,-32.082],[132.964,-32.065],[132.826,-31.982],[132.747,-31.949],[132.595,-31.934],[132.531,-31.935],[132.478,-31.946],[132.446,-31.971],[132.462,-32.011],[132.473,-32.03],[132.415,-31.999],[132.271,-32.034],[132.201,-32.027],[132.073,-31.918],[131.759,-31.72],[131.245,-31.492],[131.149,-31.464],[131.026,-31.538],[130.806,-31.606],[130.275,-31.574],[130.152,-31.577],[129.053,-31.674],[129.001,-31.687],[129.002,-25.999],[140.999,-25.996],[141.003,-33.999],[141.003,-34.022],[140.969,-33.997],[140.964,-33.981],[140.974,-37.462],[140.966,-38.056],[140.717,-38.051],[140.662,-38.061],[140.454,-37.936],[140.396,-37.919],[140.179,-37.617],[140.113,-37.578],[140.131,-37.556],[140.121,-37.531],[140.05,-37.479],[140.011,-37.493],[139.993,-37.486],[139.762,-37.2],[139.74,-37.182],[139.743,-37.156],[139.788,-37.158],[139.796,-37.137],[139.741,-37.021],[139.67,-36.957],[139.788,-36.895],[139.843,-36.84],[139.863,-36.753],[139.862,-36.692],[139.851,-36.647],[139.783,-36.459],[139.523,-36.044],[139.377,-35.892],[139.212,-35.755],[138.884,-35.557],[138.763,-35.521],[138.684,-35.538],[138.632,-35.544],[138.566,-35.609],[138.522,-35.643],[138.157,-35.658],[138.096,-35.625],[138.109,-35.592],[138.127,-35.555],[138.245,-35.501],[138.294,-35.468],[138.341,-35.393],[138.441,-35.35],[138.494,-35.085],[138.518,-35.032],[138.51,-34.97],[138.476,-34.857],[138.478,-34.783],[138.496,-34.765],[138.5,-34.844]]],[[[138.546,-34.799],[138.519,-34.806],[138.523,-34.77],[138.515,-34.757],[138.546,-34.799]]],[[[138.544,-34.806],[138.544,-34.806]]],[[[138.135,-35.841],[138.111,-35.848],[138.041,-35.904],[137.803,-35.851],[137.741,-35.853],[137.66,-35.885],[137.612,-35.913],[137.62,-35.979],[137.603,-36.009],[137.483,-36.066],[137.461,-36.075],[137.379,-36.014],[137.371,-35.998],[137.258,-35.982],[137.209,-35.974],[137.146,-36.021],[137.131,-36.034],[137.036,-36.028],[136.997,-36.017],[136.915,-36.044],[136.854,-36.017],[136.727,-36.045],[136.705,-36.064],[136.708,-36.037],[136.666,-35.976],[136.598,-35.962],[136.582,-35.951],[136.534,-35.886],[136.533,-35.877],[136.574,-35.766],[136.587,-35.749],[136.953,-35.674],[137.07,-35.669],[137.285,-35.598],[137.313,-35.579],[137.491,-35.58],[137.519,-35.596],[137.605,-35.572],[137.622,-35.561],[137.634,-35.566],[137.627,-35.597],[137.57,-35.619],[137.57,-35.632],[137.641,-35.639],[137.644,-35.654],[137.579,-35.709],[137.578,-35.726],[137.696,-35.74],[137.78,-35.724],[137.803,-35.758],[137.746,-35.801],[137.754,-35.843],[137.797,-35.834],[137.815,-35.822],[137.778,-35.796],[137.777,-35.784],[137.823,-35.8],[137.852,-35.795],[137.901,-35.72],[137.941,-35.716],[138.006,-35.726],[138.046,-35.743],[138.135,-35.841]]],[[[137.382,-34.497],[137.341,-34.526],[137.338,-34.489],[137.361,-34.463],[137.382,-34.497]]],[[[136.867,-35.371],[136.867,-35.371]]],[[[136.495,-35.167],[136.453,-35.166],[136.442,-35.149],[136.495,-35.167]]],[[[136.359,-34.664],[136.344,-34.683],[136.33,-34.658],[136.359,-34.664]]],[[[136.306,-34.505],[136.275,-34.549],[136.271,-34.542],[136.306,-34.505]]],[[[136.28,-34.682],[136.28,-34.682]]],[[[136.205,-35.053],[136.177,-35.061],[136.163,-35.055],[136.159,-35.021],[136.157,-35.006],[136.089,-34.956],[136.079,-34.952],[136.083,-34.945],[136.107,-34.932],[136.205,-35.053]]],[[[136.186,-34.647],[136.186,-34.647]]],[[[136.073,-35.227],[136.073,-35.227]]],[[[136.07,-34.963],[136.07,-34.963]]],[[[136.038,-34.907],[136.038,-34.907]]],[[[136.015,-34.883],[136.015,-34.883]]],[[[135.983,-35.034],[135.983,-35.034]]],[[[135.96,-34.583],[135.96,-34.583]]],[[[135.953,-34.724],[135.937,-34.72],[135.929,-34.733],[135.923,-34.702],[135.911,-34.695],[135.921,-34.683],[135.939,-34.687],[135.953,-34.724]]],[[[135.626,-34.982],[135.626,-34.982]]],[[[134.813,-33.594],[134.807,-33.61],[134.776,-33.595],[134.813,-33.594]]],[[[134.682,-33.208],[134.682,-33.208]]],[[[134.548,-33.721],[134.496,-33.746],[134.447,-33.772],[134.468,-33.733],[134.472,-33.69],[134.483,-33.694],[134.528,-33.678],[134.548,-33.721]]],[[[134.28,-32.68],[134.28,-32.68]]],[[[133.858,-32.387],[133.788,-32.359],[133.858,-32.387]]],[[[133.835,-32.36],[133.835,-32.36]]],[[[133.684,-32.44],[133.658,-32.455],[133.684,-32.44]]],[[[133.674,-32.232],[133.612,-32.283],[133.6,-32.308],[133.55,-32.308],[133.54,-32.279],[133.674,-32.232]]],[[[133.655,-32.451],[133.64,-32.463],[133.626,-32.457],[133.655,-32.451]]],[[[133.531,-32.305],[133.501,-32.318],[133.531,-32.305]]],[[[133.487,-32.371],[133.487,-32.371]]],[[[133.382,-32.395],[133.382,-32.395]]],[[[133.311,-32.51],[133.283,-32.511],[133.268,-32.5],[133.311,-32.51]]],[[[133.299,-32.558],[133.291,-32.568],[133.275,-32.565],[133.299,-32.558]]],[[[133.29,-32.585],[133.29,-32.585]]]]}},{"type":"Feature","id":4,"properties":{"name":"Western Australia","code":"WA"},"geometry":{"type":"MultiPolygon","coordinates":[[[[113.394,-26.393],[113.355,-26.301],[113.336,-26.3],[113.376,-26.205],[113.387,-26.213],[113.357,-26.033],[113.364,-26.017],[113.462,-26.253],[113.48,-26.271],[113.488,-26.357],[113.507,-26.364],[113.485,-26.431],[113.477,-26.477],[113.486,-26.485],[113.503,-26.469],[113.506,-26.409],[113.528,-26.362],[113.507,-26.324],[113.494,-26.31],[113.53,-26.284],[113.537,-26.28],[113.576,-26.496],[113.577,-26.505],[113.56,-26.547],[113.558,-26.574],[113.598,-26.614],[113.607,-26.606],[113.599,-26.545],[113.593,-26.512],[113.614,-26.489],[113.618,-26.518],[113.618,-26.49],[113.631,-26.463],[113.634,-26.564],[113.626,-26.571],[113.642,-26.619],[113.654,-26.595],[113.664,-26.596],[113.658,-26.654],[113.664,-26.674],[113.681,-26.658],[113.705,-26.662],[113.696,-26.619],[113.687,-26.602],[113.788,-26.605],[113.808,-26.611],[113.864,-26.537],[113.883,-26.508],[113.885,-26.371],[113.881,-26.335],[113.798,-26.252],[113.688,-26.218],[113.621,-26.101],[113.58,-26.097],[113.561,-25.999],[113.559,-25.946],[113.518,-25.92],[113.513,-25.852],[113.461,-25.809],[113.459,-25.716],[113.472,-25.709],[113.459,-25.703],[113.445,-25.709],[113.469,-25.785],[113.414,-25.725],[113.415,-25.684],[113.432,-25.626],[113.5,-25.514],[113.511,-25.503],[113.525,-25.608],[113.575,-25.637],[113.581,-25.621],[113.593,-25.684],[113.607,-25.714],[113.691,-25.789],[113.722,-25.794],[113.722,-25.868],[113.762,-25.879],[113.734,-26.014],[113.7,-26.045],[113.725,-26.195],[113.703,-26.2],[113.79,-26.207],[113.813,-26.179],[113.838,-26.139],[113.884,-26.06],[113.865,-25.956],[113.877,-25.945],[113.906,-25.96],[113.914,-25.982],[113.902,-25.999],[113.894,-26.035],[113.905,-26.089],[113.911,-26.122],[113.939,-26.13],[113.948,-26.143],[113.934,-26.204],[113.967,-26.294],[113.973,-26.343],[114.073,-26.452],[114.077,-26.467],[114.216,-26.342],[114.238,-26.313],[114.192,-26.204],[114.188,-26.18],[114.211,-26.158],[114.224,-26.119],[114.241,-26.166],[114.255,-26.145],[114.209,-26.032],[114.195,-25.984],[114.245,-25.993],[114.265,-25.982],[114.247,-25.937],[114.267,-25.888],[114.227,-25.862],[114.205,-25.853],[114.02,-25.632],[114.004,-25.619],[113.84,-25.217],[113.817,-25.174],[113.712,-25.103],[113.666,-25.023],[113.68,-24.933],[113.692,-24.929],[113.665,-24.896],[113.652,-24.905],[113.666,-24.862],[113.707,-24.851],[113.647,-24.865],[113.618,-24.859],[113.633,-24.797],[113.623,-24.746],[113.407,-24.484],[113.4,-24.411],[113.406,-24.303],[113.39,-24.224],[113.409,-24.224],[113.443,-24.182],[113.428,-24.081],[113.422,-24.043],[113.447,-24.032],[113.459,-24.014],[113.465,-23.926],[113.47,-23.899],[113.614,-23.647],[113.613,-23.631],[113.753,-23.528],[113.778,-23.478],[113.788,-23.365],[113.794,-23.296],[113.771,-23.131],[113.76,-23.121],[113.79,-23.107],[113.812,-23.083],[113.82,-22.977],[113.826,-22.956],[113.794,-22.843],[113.755,-22.756],[113.677,-22.723],[113.67,-22.717],[113.674,-22.597],[113.654,-22.579],[113.78,-22.377],[113.821,-22.306],[113.933,-21.999],[113.934,-21.973],[113.995,-21.875],[114.024,-21.851],[114.165,-21.786],[114.191,-21.815],[114.149,-21.867],[114.138,-21.958],[114.08,-22.154],[114.085,-22.191],[114.133,-22.262],[114.117,-22.315],[114.116,-22.331],[114.149,-22.301],[114.178,-22.305],[114.178,-22.353],[114.128,-22.408],[114.122,-22.416],[114.144,-22.507],[114.144,-22.538],[114.241,-22.459],[114.282,-22.434],[114.317,-22.441],[114.339,-22.492],[114.34,-22.516],[114.384,-22.465],[114.404,-22.469],[114.393,-22.391],[114.423,-22.396],[114.396,-22.383],[114.401,-22.36],[114.437,-22.357],[114.452,-22.363],[114.423,-22.346],[114.409,-22.331],[114.434,-22.295],[114.461,-22.329],[114.437,-22.289],[114.43,-22.275],[114.45,-22.26],[114.473,-22.264],[114.459,-22.246],[114.482,-22.251],[114.452,-22.235],[114.453,-22.208],[114.489,-22.219],[114.5,-22.22],[114.454,-22.166],[114.456,-22.16],[114.5,-22.163],[114.508,-22.184],[114.52,-22.083],[114.517,-22.066],[114.543,-22.061],[114.552,-22.066],[114.601,-21.988],[114.606,-22.007],[114.619,-21.945],[114.621,-21.936],[114.652,-21.923],[114.664,-21.911],[114.643,-21.909],[114.648,-21.845],[114.693,-21.839],[114.685,-21.868],[114.683,-21.829],[114.699,-21.814],[114.903,-21.705],[114.914,-21.688],[115.029,-21.687],[115.04,-21.692],[115.057,-21.676],[115.109,-21.632],[115.132,-21.66],[115.142,-21.659],[115.194,-21.62],[115.21,-21.628],[115.187,-21.612],[115.23,-21.593],[115.242,-21.577],[115.245,-21.588],[115.298,-21.594],[115.438,-21.53],[115.457,-21.508],[115.444,-21.538],[115.447,-21.544],[115.46,-21.532],[115.468,-21.515],[115.491,-21.537],[115.492,-21.546],[115.481,-21.53],[115.475,-21.506],[115.511,-21.51],[115.511,-21.525],[115.495,-21.501],[115.491,-21.495],[115.516,-21.483],[115.528,-21.465],[115.506,-21.474],[115.51,-21.458],[115.559,-21.438],[115.565,-21.457],[115.562,-21.436],[115.551,-21.413],[115.593,-21.398],[115.597,-21.411],[115.596,-21.39],[115.589,-21.38],[115.627,-21.355],[115.618,-21.346],[115.784,-21.257],[115.779,-21.289],[115.809,-21.249],[115.831,-21.251],[115.889,-21.113],[115.918,-21.079],[116.069,-21.017],[116.097,-21.0],[116.094,-21.024],[116.105,-21.038],[116.096,-21.024],[116.103,-21.001],[116.13,-20.997],[116.146,-21.013],[116.177,-20.978],[116.188,-20.968],[116.19,-20.901],[116.227,-20.883],[116.191,-20.888],[116.205,-20.834],[116.26,-20.868],[116.256,-20.88],[116.367,-20.842],[116.399,-20.822],[116.454,-20.844],[116.459,-20.843],[116.453,-20.84],[116.442,-20.824],[116.532,-20.768],[116.526,-20.753],[116.598,-20.746],[116.605,-20.754],[116.574,-20.708],[116.579,-20.692],[116.628,-20.684],[116.637,-20.675],[116.648,-20.682],[116.602,-20.728],[116.663,-20.733],[116.664,-20.741],[116.664,-20.732],[116.642,-20.722],[116.685,-20.723],[116.689,-20.706],[116.645,-20.715],[116.642,-20.705],[116.741,-20.641],[116.765,-20.633],[116.746,-20.621],[116.805,-20.542],[116.811,-20.529],[116.867,-20.526],[116.819,-20.606],[116.808,-20.606],[116.8,-20.681],[116.828,-20.709],[116.928,-20.725],[116.92,-20.741],[116.976,-20.669],[116.99,-20.658],[117.038,-20.659],[117.039,-20.668],[117.085,-20.636],[117.094,-20.624],[117.105,-20.655],[117.128,-20.654],[117.171,-20.594],[117.183,-20.592],[117.182,-20.64],[117.157,-20.657],[117.2,-20.667],[117.172,-20.701],[117.187,-20.696],[117.195,-20.68],[117.217,-20.713],[117.216,-20.725],[117.212,-20.698],[117.223,-20.695],[117.303,-20.727],[117.348,-20.736],[117.35,-20.763],[117.35,-20.779],[117.367,-20.746],[117.363,-20.734],[117.377,-20.759],[117.382,-20.784],[117.387,-20.745],[117.395,-20.731],[117.441,-20.745],[117.457,-20.757],[117.435,-20.741],[117.443,-20.731],[117.573,-20.694],[117.595,-20.704],[117.59,-20.68],[117.631,-20.664],[117.619,-20.679],[117.617,-20.687],[117.651,-20.704],[117.656,-20.715],[117.667,-20.679],[117.68,-20.667],[117.701,-20.687],[117.704,-20.695],[117.793,-20.679],[117.81,-20.674],[117.795,-20.675],[117.774,-20.664],[117.867,-20.582],[117.898,-20.585],[117.871,-20.572],[117.882,-20.552],[117.916,-20.567],[117.912,-20.577],[117.912,-20.556],[117.92,-20.544],[117.935,-20.559],[117.942,-20.567],[117.971,-20.544],[117.975,-20.55],[117.942,-20.511],[117.941,-20.48],[117.965,-20.491],[118.161,-20.358],[118.182,-20.336],[118.184,-20.356],[118.2,-20.369],[118.17,-20.369],[118.165,-20.383],[118.205,-20.376],[118.196,-20.404],[118.225,-20.371],[118.215,-20.371],[118.315,-20.356],[118.318,-20.365],[118.289,-20.349],[118.346,-20.33],[118.359,-20.359],[118.364,-20.374],[118.369,-20.351],[118.511,-20.331],[118.506,-20.349],[118.548,-20.311],[118.557,-20.314],[118.526,-20.305],[118.562,-20.294],[118.563,-20.33],[118.552,-20.346],[118.576,-20.338],[118.579,-20.358],[118.609,-20.332],[118.63,-20.334],[118.591,-20.308],[118.598,-20.287],[118.674,-20.332],[118.666,-20.343],[118.823,-20.276],[118.845,-20.286],[118.83,-20.259],[118.842,-20.231],[118.87,-20.253],[118.883,-20.261],[118.86,-20.225],[118.897,-20.168],[118.959,-20.127],[118.994,-20.036],[119.068,-20.015],[119.088,-19.97],[119.1,-19.959],[119.168,-20.015],[119.207,-20.024],[119.211,-20.017],[119.172,-20.008],[119.172,-19.957],[119.218,-19.953],[119.466,-20.013],[119.471,-20.006],[119.563,-20.079],[119.569,-20.08],[119.655,-20.047],[119.681,-20.004],[119.701,-19.995],[119.697,-20.035],[119.705,-20.037],[119.753,-19.984],[119.73,-19.976],[119.773,-19.97],[119.764,-19.956],[119.862,-19.962],[119.866,-19.97],[120.133,-19.912],[120.196,-19.914],[120.982,-19.621],[121.114,-19.539],[121.413,-19.238],[121.511,-19.094],[121.565,-18.969],[121.553,-18.943],[121.578,-18.951],[121.6,-18.941],[121.576,-18.947],[121.601,-18.903],[121.603,-18.869],[121.651,-18.819],[121.653,-18.836],[121.645,-18.796],[121.656,-18.767],[121.62,-18.742],[121.618,-18.706],[121.737,-18.697],[121.741,-18.705],[121.788,-18.661],[121.793,-18.657],[121.791,-18.609],[121.729,-18.576],[121.795,-18.518],[121.817,-18.492],[121.789,-18.484],[121.815,-18.451],[121.872,-18.472],[121.904,-18.464],[122.083,-18.328],[122.13,-18.307],[122.205,-18.217],[122.215,-18.204],[122.315,-18.172],[122.37,-18.116],[122.373,-17.994],[122.378,-17.99],[122.302,-17.974],[122.251,-17.952],[122.207,-18.009],[122.175,-17.974],[122.205,-17.945],[122.213,-17.874],[122.173,-17.601],[122.145,-17.56],[122.162,-17.342],[122.173,-17.264],[122.282,-17.145],[122.319,-17.159],[122.317,-17.151],[122.288,-17.14],[122.318,-17.13],[122.312,-17.127],[122.254,-17.132],[122.253,-17.12],[122.37,-17.008],[122.366,-16.998],[122.47,-16.936],[122.443,-16.981],[122.431,-16.983],[122.472,-16.977],[122.481,-16.981],[122.477,-16.922],[122.48,-16.895],[122.52,-16.934],[122.508,-16.954],[122.602,-16.971],[122.612,-16.965],[122.544,-16.861],[122.534,-16.837],[122.568,-16.829],[122.571,-16.836],[122.569,-16.771],[122.579,-16.762],[122.62,-16.795],[122.637,-16.801],[122.734,-16.778],[122.757,-16.746],[122.765,-16.752],[122.743,-16.772],[122.792,-16.761],[122.782,-16.747],[122.814,-16.77],[122.846,-16.792],[122.821,-16.757],[122.838,-16.744],[122.791,-16.734],[122.776,-16.735],[122.785,-16.704],[122.784,-16.696],[122.744,-16.7],[122.742,-16.683],[122.779,-16.585],[122.771,-16.59],[122.861,-16.519],[122.884,-16.53],[122.861,-16.51],[122.854,-16.513],[122.884,-16.508],[122.904,-16.489],[122.902,-16.435],[122.925,-16.389],[122.992,-16.388],[122.982,-16.406],[122.992,-16.38],[123.039,-16.359],[123.035,-16.4],[123.015,-16.406],[123.043,-16.44],[123.077,-16.44],[123.047,-16.463],[123.045,-16.474],[123.015,-16.452],[122.983,-16.465],[122.997,-16.486],[122.971,-16.516],[123.007,-16.522],[123.008,-16.528],[122.969,-16.562],[122.954,-16.58],[122.987,-16.607],[122.997,-16.602],[122.988,-16.626],[122.996,-16.641],[123.027,-16.617],[123.039,-16.621],[123.036,-16.672],[123.051,-16.691],[123.079,-16.693],[123.084,-16.665],[123.085,-16.698],[123.094,-16.709],[123.127,-16.711],[123.139,-16.688],[123.108,-16.773],[123.103,-16.784],[123.135,-16.791],[123.157,-16.806],[123.154,-16.878],[123.149,-16.925],[123.235,-16.97],[123.263,-17.012],[123.394,-17.281],[123.393,-17.316],[123.483,-17.397],[123.514,-17.418],[123.572,-17.556],[123.58,-17.584],[123.583,-17.425],[123.564,-17.406],[123.642,-17.194],[123.646,-17.184],[123.591,-17.101],[123.584,-17.033],[123.601,-17.011],[123.648,-17.0],[123.679,-17.045],[123.68,-17.059],[123.704,-17.043],[123.741,-17.068],[123.786,-17.139],[123.789,-17.152],[123.889,-17.222],[123.912,-17.212],[123.834,-17.118],[123.796,-17.004],[123.952,-16.868],[123.959,-16.852],[123.949,-16.836],[123.951,-16.818],[123.884,-16.878],[123.796,-16.912],[123.718,-16.785],[123.712,-16.753],[123.682,-16.752],[123.618,-16.679],[123.523,-16.668],[123.503,-16.659],[123.602,-16.582],[123.589,-16.567],[123.619,-16.574],[123.615,-16.554],[123.579,-16.55],[123.526,-16.544],[123.534,-16.55],[123.542,-16.572],[123.518,-16.566],[123.512,-16.598],[123.46,-16.525],[123.468,-16.518],[123.429,-16.511],[123.429,-16.499],[123.445,-16.51],[123.497,-16.515],[123.461,-16.477],[123.473,-16.47],[123.584,-16.517],[123.643,-16.53],[123.588,-16.51],[123.583,-16.499],[123.648,-16.48],[123.651,-16.475],[123.505,-16.42],[123.498,-16.41],[123.503,-16.407],[123.582,-16.428],[123.519,-16.389],[123.509,-16.38],[123.63,-16.423],[123.666,-16.437],[123.681,-16.433],[123.697,-16.415],[123.648,-16.385],[123.629,-16.357],[123.681,-16.375],[123.717,-16.372],[123.64,-16.309],[123.627,-16.29],[123.599,-16.323],[123.55,-16.283],[123.584,-16.261],[123.599,-16.264],[123.576,-16.245],[123.617,-16.262],[123.582,-16.234],[123.564,-16.216],[123.601,-16.216],[123.572,-16.192],[123.557,-16.178],[123.676,-16.163],[123.665,-16.151],[123.701,-16.169],[123.701,-16.19],[123.714,-16.168],[123.703,-16.154],[123.728,-16.157],[123.703,-16.129],[123.751,-16.157],[123.771,-16.171],[123.807,-16.206],[123.815,-16.22],[123.789,-16.224],[123.772,-16.216],[123.795,-16.239],[123.797,-16.263],[123.743,-16.253],[123.741,-16.263],[123.784,-16.303],[123.796,-16.316],[123.844,-16.315],[123.866,-16.328],[123.866,-16.362],[123.879,-16.371],[123.851,-16.372],[123.836,-16.354],[123.854,-16.435],[123.871,-16.447],[123.888,-16.41],[123.9,-16.423],[123.884,-16.354],[123.909,-16.363],[123.886,-16.343],[123.917,-16.352],[123.893,-16.334],[123.884,-16.304],[123.984,-16.38],[123.988,-16.37],[123.949,-16.304],[123.934,-16.298],[123.961,-16.28],[124.0,-16.292],[123.916,-16.231],[123.91,-16.21],[124.003,-16.255],[124.0,-16.265],[124.125,-16.289],[124.18,-16.31],[124.21,-16.397],[124.202,-16.405],[124.311,-16.42],[124.325,-16.415],[124.308,-16.455],[124.319,-16.469],[124.373,-16.443],[124.39,-16.445],[124.406,-16.534],[124.41,-16.543],[124.448,-16.496],[124.468,-16.499],[124.419,-16.485],[124.403,-16.47],[124.402,-16.429],[124.389,-16.415],[124.346,-16.425],[124.337,-16.419],[124.366,-16.379],[124.387,-16.346],[124.45,-16.389],[124.449,-16.411],[124.745,-16.39],[124.841,-16.434],[124.917,-16.421],[124.922,-16.391],[124.948,-16.393],[124.953,-16.371],[124.918,-16.388],[124.901,-16.416],[124.831,-16.409],[124.814,-16.416],[124.715,-16.356],[124.693,-16.345],[124.457,-16.353],[124.424,-16.36],[124.406,-16.334],[124.395,-16.339],[124.399,-16.274],[124.408,-16.251],[124.379,-16.227],[124.379,-16.217],[124.401,-16.183],[124.399,-16.169],[124.428,-16.183],[124.435,-16.179],[124.449,-16.11],[124.444,-16.065],[124.464,-16.072],[124.477,-16.079],[124.48,-16.094],[124.458,-16.103],[124.517,-16.177],[124.508,-16.206],[124.541,-16.158],[124.561,-16.119],[124.599,-16.127],[124.647,-16.098],[124.607,-16.113],[124.592,-16.116],[124.595,-16.027],[124.579,-16.001],[124.591,-15.998],[124.589,-15.973],[124.634,-15.999],[124.643,-15.988],[124.616,-15.965],[124.598,-15.968],[124.621,-15.906],[124.605,-15.898],[124.668,-15.863],[124.682,-15.889],[124.705,-15.814],[124.742,-15.822],[124.703,-15.766],[124.704,-15.75],[124.679,-15.77],[124.705,-15.741],[124.634,-15.79],[124.633,-15.779],[124.516,-15.98],[124.499,-15.998],[124.508,-15.946],[124.512,-15.934],[124.487,-15.92],[124.477,-15.942],[124.479,-15.893],[124.499,-15.89],[124.459,-15.818],[124.477,-15.82],[124.461,-15.803],[124.443,-15.809],[124.418,-15.877],[124.409,-15.864],[124.41,-15.806],[124.386,-15.718],[124.419,-15.724],[124.437,-15.711],[124.409,-15.711],[124.397,-15.726],[124.376,-15.68],[124.369,-15.672],[124.413,-15.681],[124.414,-15.637],[124.43,-15.664],[124.444,-15.67],[124.437,-15.643],[124.434,-15.623],[124.483,-15.619],[124.501,-15.637],[124.46,-15.609],[124.454,-15.592],[124.416,-15.62],[124.405,-15.615],[124.43,-15.561],[124.418,-15.549],[124.462,-15.532],[124.466,-15.537],[124.473,-15.504],[124.487,-15.497],[124.496,-15.517],[124.51,-15.525],[124.499,-15.506],[124.493,-15.486],[124.462,-15.498],[124.446,-15.506],[124.509,-15.47],[124.518,-15.469],[124.614,-15.52],[124.629,-15.526],[124.633,-15.437],[124.646,-15.425],[124.646,-15.434],[124.642,-15.463],[124.677,-15.478],[124.674,-15.498],[124.678,-15.412],[124.676,-15.401],[124.727,-15.363],[124.745,-15.362],[124.667,-15.362],[124.662,-15.355],[124.656,-15.337],[124.662,-15.325],[124.691,-15.333],[124.707,-15.321],[124.673,-15.269],[124.675,-15.255],[124.701,-15.278],[124.705,-15.253],[124.771,-15.302],[124.736,-15.343],[124.753,-15.354],[124.784,-15.312],[124.783,-15.294],[124.822,-15.312],[124.847,-15.299],[124.841,-15.341],[124.848,-15.353],[124.889,-15.356],[124.907,-15.36],[124.971,-15.421],[124.979,-15.41],[125.004,-15.44],[125.003,-15.448],[124.958,-15.48],[124.953,-15.489],[124.983,-15.484],[124.996,-15.477],[124.996,-15.501],[125.0,-15.51],[125.011,-15.48],[125.018,-15.471],[125.011,-15.529],[125.017,-15.545],[125.063,-15.461],[125.089,-15.463],[125.305,-15.623],[125.421,-15.696],[125.088,-15.442],[125.07,-15.44],[125.089,-15.369],[125.091,-15.355],[125.159,-15.335],[125.164,-15.331],[125.155,-15.317],[125.158,-15.306],[125.119,-15.329],[125.089,-15.338],[125.108,-15.263],[125.119,-15.256],[125.105,-15.261],[125.1,-15.286],[125.087,-15.264],[125.077,-15.248],[125.094,-15.292],[125.081,-15.314],[125.035,-15.288],[125.031,-15.275],[124.92,-15.356],[124.898,-15.34],[124.88,-15.31],[124.876,-15.302],[124.933,-15.231],[124.927,-15.229],[124.982,-15.224],[125.006,-15.242],[125.06,-15.181],[125.056,-15.164],[125.023,-15.156],[125.014,-15.155],[125.014,-15.176],[124.993,-15.198],[124.978,-15.168],[124.97,-15.164],[124.961,-15.196],[124.971,-15.208],[124.94,-15.197],[124.935,-15.187],[124.908,-15.246],[124.876,-15.262],[124.892,-15.23],[124.869,-15.244],[124.864,-15.195],[124.896,-15.173],[124.845,-15.173],[124.838,-15.183],[124.846,-15.163],[124.834,-15.158],[124.907,-15.116],[124.91,-15.107],[124.981,-15.126],[124.985,-15.133],[125.011,-15.094],[125.03,-15.113],[125.025,-14.992],[125.012,-14.983],[125.054,-14.988],[125.074,-14.976],[125.093,-14.988],[125.059,-15.028],[125.083,-15.041],[125.072,-15.065],[125.106,-15.033],[125.126,-15.044],[125.145,-15.135],[125.163,-15.151],[125.227,-15.114],[125.225,-15.103],[125.271,-15.114],[125.281,-15.098],[125.29,-15.1],[125.282,-15.144],[125.325,-15.152],[125.335,-15.163],[125.443,-15.149],[125.481,-15.155],[125.38,-15.112],[125.358,-15.108],[125.373,-15.103],[125.402,-15.085],[125.367,-15.062],[125.375,-15.053],[125.475,-15.005],[125.482,-14.999],[125.421,-15.022],[125.409,-14.999],[125.409,-15.025],[125.386,-15.033],[125.365,-14.991],[125.295,-14.996],[125.286,-14.999],[125.296,-14.977],[125.305,-14.962],[125.265,-14.976],[125.254,-14.978],[125.262,-14.946],[125.258,-14.944],[125.222,-14.97],[125.214,-14.97],[125.233,-14.932],[125.231,-14.919],[125.255,-14.927],[125.256,-14.9],[125.287,-14.929],[125.295,-14.938],[125.317,-14.888],[125.334,-14.881],[125.296,-14.875],[125.287,-14.853],[125.251,-14.872],[125.236,-14.868],[125.249,-14.835],[125.244,-14.832],[125.224,-14.867],[125.21,-14.865],[125.186,-14.837],[125.184,-14.827],[125.205,-14.791],[125.202,-14.785],[125.151,-14.775],[125.141,-14.748],[125.16,-14.732],[125.189,-14.747],[125.183,-14.727],[125.18,-14.71],[125.201,-14.698],[125.211,-14.722],[125.211,-14.692],[125.213,-14.669],[125.246,-14.676],[125.262,-14.693],[125.279,-14.654],[125.308,-14.65],[125.288,-14.623],[125.228,-14.658],[125.204,-14.651],[125.336,-14.556],[125.348,-14.565],[125.342,-14.522],[125.364,-14.506],[125.369,-14.564],[125.355,-14.584],[125.394,-14.565],[125.4,-14.573],[125.4,-14.547],[125.41,-14.546],[125.427,-14.631],[125.43,-14.641],[125.467,-14.559],[125.467,-14.536],[125.48,-14.532],[125.491,-14.56],[125.496,-14.53],[125.489,-14.519],[125.515,-14.513],[125.52,-14.5],[125.541,-14.51],[125.561,-14.515],[125.53,-14.546],[125.535,-14.564],[125.569,-14.558],[125.599,-14.563],[125.572,-14.548],[125.6,-14.517],[125.614,-14.511],[125.602,-14.498],[125.588,-14.506],[125.617,-14.396],[125.623,-14.386],[125.608,-14.375],[125.589,-14.37],[125.584,-14.26],[125.574,-14.262],[125.606,-14.243],[125.596,-14.237],[125.649,-14.26],[125.649,-14.243],[125.695,-14.292],[125.703,-14.304],[125.718,-14.277],[125.73,-14.281],[125.711,-14.328],[125.697,-14.325],[125.718,-14.334],[125.726,-14.342],[125.67,-14.332],[125.663,-14.336],[125.682,-14.469],[125.689,-14.499],[125.652,-14.602],[125.647,-14.648],[125.669,-14.609],[125.709,-14.487],[125.765,-14.472],[125.774,-14.48],[125.798,-14.445],[125.806,-14.444],[125.816,-14.452],[125.803,-14.479],[125.852,-14.457],[125.859,-14.475],[125.828,-14.481],[125.817,-14.498],[125.85,-14.536],[125.836,-14.568],[125.831,-14.585],[125.895,-14.623],[125.91,-14.662],[125.933,-14.645],[125.937,-14.643],[125.919,-14.583],[125.903,-14.576],[125.921,-14.552],[125.921,-14.537],[126.042,-14.537],[126.051,-14.53],[126.025,-14.458],[126.02,-14.411],[125.985,-14.42],[125.977,-14.393],[126.082,-14.359],[126.088,-14.351],[126.073,-14.298],[126.053,-14.254],[126.094,-14.244],[126.133,-14.231],[126.148,-14.209],[126.16,-14.176],[126.141,-14.158],[126.17,-14.146],[126.126,-14.097],[126.104,-14.076],[126.064,-14.073],[126.033,-14.095],[126.004,-14.07],[125.993,-14.068],[125.973,-13.999],[125.984,-13.99],[126.005,-14.04],[126.01,-14.065],[126.029,-14.035],[126.027,-14.017],[126.035,-14.038],[126.056,-14.027],[126.039,-13.992],[126.038,-13.982],[126.083,-14.035],[126.103,-14.041],[126.086,-13.988],[126.107,-13.977],[126.021,-13.939],[126.011,-13.926],[126.065,-13.927],[126.095,-13.895],[126.101,-13.9],[126.085,-13.921],[126.108,-13.919],[126.086,-13.946],[126.105,-13.926],[126.132,-13.944],[126.134,-13.919],[126.158,-13.915],[126.141,-13.96],[126.159,-13.97],[126.11,-14.014],[126.11,-14.028],[126.187,-13.968],[126.216,-13.968],[126.221,-13.988],[126.158,-13.998],[126.144,-14.015],[126.22,-14.017],[126.225,-14.026],[126.16,-14.058],[126.15,-14.068],[126.159,-14.069],[126.192,-14.066],[126.178,-14.091],[126.214,-14.076],[126.217,-14.121],[126.179,-14.13],[126.209,-14.136],[126.186,-14.167],[126.205,-14.185],[126.243,-14.176],[126.233,-14.204],[126.216,-14.237],[126.241,-14.223],[126.254,-14.239],[126.339,-14.193],[126.361,-14.19],[126.304,-14.139],[126.298,-14.139],[126.314,-14.097],[126.345,-14.098],[126.344,-14.059],[126.334,-14.05],[126.372,-14.045],[126.394,-14.052],[126.388,-14.038],[126.397,-14.015],[126.425,-14.012],[126.438,-13.983],[126.446,-14.002],[126.454,-14.005],[126.511,-13.965],[126.537,-13.934],[126.565,-13.945],[126.566,-13.955],[126.509,-14.009],[126.491,-14.009],[126.484,-14.047],[126.449,-14.084],[126.455,-14.104],[126.479,-14.11],[126.514,-14.075],[126.525,-14.082],[126.499,-14.1],[126.499,-14.13],[126.556,-14.151],[126.57,-14.14],[126.575,-14.229],[126.602,-14.236],[126.661,-14.115],[126.645,-14.077],[126.686,-14.104],[126.689,-14.091],[126.686,-14.131],[126.694,-14.135],[126.723,-14.065],[126.763,-14.05],[126.758,-14.016],[126.754,-14.011],[126.739,-14.014],[126.723,-14.029],[126.696,-13.999],[126.706,-13.973],[126.729,-13.997],[126.752,-13.992],[126.751,-13.972],[126.817,-13.982],[126.838,-13.971],[126.882,-13.999],[126.905,-13.985],[126.839,-13.928],[126.806,-13.93],[126.76,-13.808],[126.743,-13.792],[126.794,-13.776],[126.819,-13.769],[126.826,-13.809],[126.842,-13.817],[126.847,-13.798],[126.873,-13.799],[126.852,-13.774],[126.87,-13.751],[126.881,-13.749],[126.92,-13.768],[126.922,-13.776],[126.944,-13.768],[126.914,-13.741],[126.954,-13.748],[126.963,-13.742],[127.037,-13.832],[127.047,-13.806],[127.046,-13.833],[127.044,-13.849],[127.069,-13.836],[127.081,-13.84],[127.077,-13.87],[127.061,-13.908],[127.069,-13.896],[127.103,-13.884],[127.101,-13.914],[127.094,-13.927],[127.127,-13.966],[127.143,-13.982],[127.17,-13.911],[127.191,-13.904],[127.199,-13.945],[127.208,-13.974],[127.235,-13.908],[127.247,-13.9],[127.291,-13.934],[127.318,-13.961],[127.334,-13.963],[127.346,-13.955],[127.322,-13.915],[127.347,-13.907],[127.411,-13.961],[127.43,-13.943],[127.459,-14.035],[127.453,-14.059],[127.478,-14.062],[127.483,-14.085],[127.514,-14.066],[127.524,-14.069],[127.508,-14.088],[127.538,-14.086],[127.524,-14.12],[127.55,-14.11],[127.557,-14.105],[127.634,-14.179],[127.67,-14.191],[127.738,-14.288],[127.763,-14.303],[127.766,-14.352],[127.761,-14.367],[127.782,-14.351],[127.835,-14.452],[127.85,-14.484],[127.88,-14.471],[127.902,-14.505],[127.929,-14.503],[127.94,-14.543],[127.927,-14.558],[127.954,-14.571],[127.953,-14.586],[127.985,-14.58],[127.993,-14.556],[128.069,-14.621],[128.069,-14.65],[128.201,-14.706],[128.222,-14.721],[128.225,-14.74],[128.218,-14.755],[128.201,-14.738],[128.184,-14.744],[128.194,-14.828],[128.192,-14.839],[128.151,-14.842],[128.119,-14.861],[128.123,-14.871],[128.139,-14.871],[128.092,-15.071],[128.075,-15.104],[128.084,-15.152],[128.099,-15.167],[128.082,-15.259],[128.093,-15.281],[128.045,-15.288],[128.04,-15.293],[128.087,-15.366],[128.089,-15.39],[128.077,-15.434],[128.052,-15.479],[127.996,-15.514],[127.999,-15.518],[128.096,-15.467],[128.114,-15.428],[128.11,-15.21],[128.128,-15.184],[128.188,-15.229],[128.258,-15.306],[128.327,-15.505],[128.342,-15.501],[128.324,-15.484],[128.299,-15.46],[128.292,-15.364],[128.301,-15.32],[128.24,-15.248],[128.22,-15.204],[128.221,-15.131],[128.194,-15.094],[128.228,-15.003],[128.265,-14.983],[128.289,-14.974],[128.325,-15.036],[128.331,-15.035],[128.296,-14.937],[128.314,-14.926],[128.328,-14.974],[128.362,-15.067],[128.364,-15.041],[128.358,-14.991],[128.379,-15.001],[128.41,-15.032],[128.349,-14.968],[128.358,-14.885],[128.43,-14.981],[128.449,-15.002],[128.402,-14.879],[128.422,-14.882],[128.511,-15.014],[128.519,-15.015],[128.477,-14.912],[128.467,-14.889],[128.381,-14.823],[128.393,-14.804],[128.528,-14.78],[128.55,-14.768],[128.588,-14.797],[128.587,-14.808],[128.613,-14.787],[128.679,-14.796],[128.777,-14.847],[128.788,-14.86],[129.001,-14.879],[129.001,-31.687],[128.495,-31.912],[128.314,-31.979],[127.452,-32.222],[127.326,-32.257],[126.734,-32.306],[126.673,-32.308],[126.422,-32.284],[126.203,-32.232],[126.037,-32.269],[125.951,-32.291],[125.801,-32.367],[125.532,-32.549],[125.439,-32.583],[125.315,-32.608],[125.102,-32.715],[125.026,-32.729],[124.895,-32.833],[124.814,-32.873],[124.305,-32.981],[124.239,-33.018],[124.154,-33.096],[124.101,-33.176],[123.998,-33.426],[123.976,-33.559],[123.931,-33.587],[123.875,-33.599],[123.867,-33.619],[123.878,-33.633],[123.81,-33.665],[123.774,-33.698],[123.749,-33.783],[123.764,-33.795],[123.639,-33.877],[123.573,-33.888],[123.553,-33.928],[123.534,-33.94],[123.412,-33.894],[123.371,-33.896],[123.303,-33.961],[123.287,-33.98],[123.213,-34.002],[123.163,-34.017],[123.162,-33.969],[123.161,-33.946],[123.083,-33.872],[123.023,-33.857],[122.979,-33.887],[122.976,-33.902],[122.813,-33.889],[122.774,-33.878],[122.649,-33.897],[122.619,-33.893],[122.592,-33.91],[122.582,-33.916],[122.583,-33.958],[122.572,-33.961],[122.444,-33.919],[122.364,-33.914],[122.326,-33.929],[122.275,-33.959],[122.281,-33.99],[122.277,-34.001],[122.137,-34.007],[122.114,-34.017],[122.093,-34.003],[122.093,-33.994],[122.119,-33.98],[122.085,-33.903],[122.031,-33.845],[122.001,-33.829],[121.829,-33.889],[121.79,-33.909],[121.675,-33.874],[121.645,-33.898],[121.628,-33.869],[121.547,-33.828],[121.429,-33.83],[121.362,-33.815],[121.199,-33.845],[121.177,-33.878],[121.173,-33.867],[121.1,-33.849],[120.639,-33.892],[120.593,-33.886],[120.447,-33.964],[120.437,-33.972],[120.315,-33.942],[120.231,-33.932],[120.127,-33.954],[120.042,-33.923],[119.967,-33.956],[119.944,-33.978],[119.851,-33.97],[119.816,-33.983],[119.64,-34.113],[119.597,-34.135],[119.535,-34.221],[119.504,-34.288],[119.482,-34.28],[119.457,-34.289],[119.487,-34.295],[119.503,-34.29],[119.499,-34.33],[119.507,-34.359],[119.57,-34.377],[119.576,-34.387],[119.547,-34.39],[119.503,-34.411],[119.442,-34.366],[119.416,-34.373],[119.402,-34.453],[119.419,-34.459],[119.39,-34.46],[119.382,-34.485],[119.346,-34.446],[119.29,-34.452],[119.289,-34.493],[119.285,-34.513],[119.258,-34.519],[119.254,-34.535],[119.222,-34.531],[119.218,-34.498],[119.181,-34.486],[118.961,-34.451],[118.912,-34.463],[118.906,-34.497],[118.914,-34.503],[118.812,-34.509],[118.755,-34.546],[118.745,-34.594],[118.782,-34.609],[118.746,-34.638],[118.722,-34.657],[118.52,-34.717],[118.44,-34.761],[118.4,-34.824],[118.397,-34.877],[118.422,-34.881],[118.428,-34.899],[118.403,-34.905],[118.403,-34.917],[118.331,-34.898],[118.334,-34.891],[118.211,-34.944],[118.175,-34.94],[118.19,-34.967],[118.211,-34.979],[118.195,-35.023],[118.187,-35.025],[118.167,-34.995],[118.109,-34.986],[117.999,-35.01],[117.962,-35.013],[117.977,-34.952],[117.949,-34.944],[117.939,-34.986],[117.949,-34.998],[117.919,-35.017],[117.92,-35.036],[117.86,-35.027],[117.848,-35.045],[117.888,-35.078],[117.909,-35.084],[117.91,-35.054],[117.92,-35.041],[117.935,-35.075],[117.944,-35.092],[118.002,-35.088],[118.021,-35.108],[117.904,-35.115],[117.899,-35.123],[117.7,-35.052],[117.686,-35.043],[117.645,-35.062],[117.629,-35.128],[117.611,-35.133],[117.606,-35.115],[117.549,-35.083],[117.512,-35.083],[117.485,-35.089],[117.363,-35.02],[117.332,-35.023],[117.357,-35.005],[117.396,-34.998],[117.428,-35.022],[117.466,-35.021],[117.472,-34.976],[117.455,-34.967],[117.405,-34.974],[117.369,-34.969],[117.349,-34.987],[117.334,-34.994],[117.337,-35.035],[117.326,-35.044],[117.248,-35.029],[117.195,-35.017],[117.154,-35.048],[117.15,-35.061],[117.019,-35.036],[116.957,-35.019],[116.934,-35.035],[116.921,-35.064],[116.81,-35.026],[116.768,-35.015],[116.646,-35.047],[116.63,-35.061],[116.575,-35.024],[116.533,-35.004],[116.498,-35.015],[116.482,-35.016],[116.289,-34.9],[116.261,-34.88],[116.03,-34.837],[116.002,-34.842],[115.962,-34.744],[115.947,-34.721],[115.67,-34.481],[115.578,-34.422],[115.479,-34.382],[115.418,-34.342],[115.263,-34.307],[115.169,-34.322],[115.165,-34.301],[115.202,-34.278],[115.165,-34.274],[115.177,-34.266],[115.16,-34.295],[115.144,-34.289],[115.165,-34.323],[115.173,-34.323],[115.14,-34.369],[115.134,-34.376],[115.034,-34.259],[115.024,-34.253],[115.024,-34.223],[115.039,-34.198],[115.019,-34.139],[114.991,-34.098],[114.992,-33.933],[114.976,-33.864],[115.0,-33.794],[114.975,-33.698],[115.019,-33.656],[115.028,-33.634],[115.011,-33.556],[115.004,-33.531],[115.065,-33.558],[115.089,-33.568],[115.105,-33.606],[115.123,-33.624],[115.3,-33.655],[115.367,-33.639],[115.428,-33.608],[115.574,-33.454],[115.64,-33.319],[115.666,-33.322],[115.681,-33.275],[115.688,-33.109],[115.633,-32.834],[115.608,-32.667],[115.701,-32.52],[115.711,-32.521],[115.718,-32.558],[115.645,-32.608],[115.641,-32.619],[115.693,-32.768],[115.712,-32.788],[115.726,-32.782],[115.727,-32.753],[115.667,-32.635],[115.666,-32.616],[115.724,-32.632],[115.747,-32.646],[115.771,-32.618],[115.778,-32.596],[115.755,-32.565],[115.719,-32.564],[115.738,-32.502],[115.75,-32.44],[115.744,-32.403],[115.713,-32.37],[115.736,-32.362],[115.743,-32.334],[115.702,-32.282],[115.685,-32.266],[115.706,-32.276],[115.737,-32.27],[115.756,-32.224],[115.775,-32.194],[115.766,-32.14],[115.737,-32.135],[115.756,-32.13],[115.763,-32.109],[115.741,-32.057],[115.732,-32.056],[115.846,-32.002],[115.861,-32.046],[115.857,-32.031],[115.845,-31.965],[115.899,-31.954],[115.915,-31.951],[115.959,-31.895],[115.974,-31.894],[115.909,-31.935],[115.914,-31.95],[115.885,-31.938],[115.883,-31.967],[115.787,-31.991],[115.774,-31.989],[115.758,-32.039],[115.724,-32.054],[115.751,-32.022],[115.73,-31.766],[115.686,-31.654],[115.539,-31.408],[115.441,-31.278],[115.328,-31.011],[115.313,-30.973],[115.205,-30.823],[115.19,-30.825],[115.075,-30.518],[115.058,-30.51],[115.042,-30.338],[115.02,-30.317],[115.046,-30.291],[115.043,-30.274],[115.028,-30.237],[114.994,-30.231],[114.999,-30.183],[115.006,-30.159],[114.965,-30.055],[114.955,-30.049],[114.978,-29.945],[114.983,-29.911],[114.959,-29.77],[114.958,-29.684],[114.997,-29.514],[114.998,-29.494],[114.921,-29.255],[114.872,-29.117],[114.832,-29.066],[114.637,-28.878],[114.612,-28.795],[114.576,-28.785],[114.606,-28.775],[114.615,-28.763],[114.597,-28.612],[114.534,-28.494],[114.342,-28.267],[114.323,-28.233],[114.197,-28.127],[114.175,-28.111],[114.145,-27.972],[114.105,-27.85],[114.163,-27.707],[114.104,-27.503],[113.965,-27.231],[113.783,-26.929],[113.584,-26.671],[113.297,-26.4],[113.294,-26.364],[113.3,-26.342],[113.236,-26.233],[113.156,-26.152],[113.261,-26.191],[113.27,-26.242],[113.285,-26.04],[113.299,-26.016],[113.331,-26.329],[113.327,-26.337],[113.339,-26.347],[113.356,-26.331],[113.37,-26.384],[113.368,-26.399],[113.394,-26.393]],[[113.395,-26.393],[113.395,-26.393]],[[117.977,-34.952],[117.977,-34.952]],[[125.035,-15.518],[125.035,-15.518]],[[121.795,-18.52],[121.795,-18.52]],[[118.851,-20.289],[118.851,-20.289]],[[117.55,-20.718],[117.55,-20.718]],[[117.175,-20.667],[117.175,-20.667]],[[116.986,-20.672],[116.986,-20.672]],[[116.676,-20.733],[116.676,-20.733]],[[116.652,-20.736],[116.652,-20.736]],[[116.648,-20.745],[116.648,-20.745]],[[116.636,-20.742],[116.636,-20.742]],[[116.468,-20.827],[116.468,-20.827]],[[116.475,-20.85],[116.475,-20.85]],[[116.106,-21.038],[116.106,-21.038]],[[115.856,-21.195],[115.856,-21.195]],[[115.837,-21.252],[115.837,-21.252]],[[115.796,-21.265],[115.796,-21.265]],[[115.746,-21.281],[115.746,-21.281]],[[115.33,-21.587],[115.33,-21.587]],[[113.619,-26.521],[113.619,-26.521]],[[115.917,-21.093],[115.917,-21.093]],[[116.54,-20.767],[116.54,-20.767]],[[117.173,-20.631],[117.173,-20.631]],[[117.34,-20.759],[117.34,-20.759]],[[122.293,-17.119],[122.293,-17.119]],[[124.462,-15.798],[124.462,-15.798]],[[115.878,-32.028],[115.878,-32.028]]],[[[126.566,-13.944],[126.566,-13.944]]],[[[128.473,-14.909],[128.467,-14.928],[128.448,-14.904],[128.445,-14.88],[128.473,-14.909]]],[[[128.443,-14.879],[128.443,-14.879]]],[[[128.334,-14.758],[128.297,-14.746],[128.295,-14.736],[128.334,-14.758]]],[[[128.202,-15.141],[128.194,-15.166],[128.197,-15.194],[128.126,-15.156],[128.114,-15.122],[128.125,-15.096],[128.125,-15.04],[128.202,-15.141]]],[[[128.113,-15.172],[128.113,-15.172]]],[[[127.875,-14.455],[127.851,-14.48],[127.839,-14.457],[127.854,-14.436],[127.863,-14.43],[127.875,-14.455]]],[[[127.823,-14.367],[127.823,-14.367]]],[[[127.716,-14.237],[127.716,-14.237]]],[[[127.176,-13.904],[127.176,-13.904]]],[[[126.883,-13.99],[126.832,-13.961],[126.819,-13.96],[126.869,-13.968],[126.866,-13.956],[126.883,-13.99]]],[[[126.883,-13.991],[126.883,-13.991]]],[[[126.898,-13.986],[126.898,-13.986]]],[[[126.824,-13.946],[126.824,-13.946]]],[[[126.7,-13.943],[126.677,-13.961],[126.7,-13.943]]],[[[126.635,-13.871],[126.621,-13.883],[126.615,-13.862],[126.635,-13.871]]],[[[126.619,-13.891],[126.618,-13.908],[126.609,-13.914],[126.514,-13.907],[126.503,-13.886],[126.505,-13.869],[126.523,-13.866],[126.619,-13.891]]],[[[126.608,-13.945],[126.608,-13.945]]],[[[126.593,-14.215],[126.593,-14.215]]],[[[126.587,-14.223],[126.587,-14.223]]],[[[126.404,-13.989],[126.384,-14.011],[126.362,-13.983],[126.404,-13.989]]],[[[126.321,-13.942],[126.315,-13.962],[126.3,-13.968],[126.321,-13.942]]],[[[126.319,-13.886],[126.319,-13.886]]],[[[126.317,-13.909],[126.317,-13.909]]],[[[126.299,-14.163],[126.299,-14.163]]],[[[126.295,-13.941],[126.284,-13.946],[126.272,-13.928],[126.295,-13.941]]],[[[126.243,-14.148],[126.243,-14.148]]],[[[126.195,-13.935],[126.165,-13.964],[126.156,-13.961],[126.195,-13.935]]],[[[126.152,-13.752],[126.152,-13.752]]],[[[126.047,-14.328],[126.023,-14.328],[126.018,-14.353],[125.998,-14.325],[125.985,-14.313],[125.987,-14.289],[126.009,-14.281],[126.047,-14.328]]],[[[126.043,-14.233],[126.007,-14.249],[125.993,-14.244],[126.043,-14.233]]],[[[126.005,-14.438],[125.995,-14.448],[125.983,-14.446],[126.005,-14.438]]],[[[125.995,-14.377],[125.984,-14.389],[125.971,-14.388],[125.995,-14.377]]],[[[125.994,-14.322],[125.994,-14.322]]],[[[125.971,-14.347],[125.944,-14.389],[125.924,-14.377],[125.953,-14.327],[125.959,-14.322],[125.971,-14.347]]],[[[125.794,-14.161],[125.794,-14.161]]],[[[125.773,-14.327],[125.773,-14.327]]],[[[125.757,-14.451],[125.737,-14.477],[125.718,-14.477],[125.722,-14.441],[125.728,-14.41],[125.757,-14.451]]],[[[125.74,-14.184],[125.74,-14.184]]],[[[125.721,-14.352],[125.721,-14.352]]],[[[125.705,-14.136],[125.705,-14.136]]],[[[125.683,-14.168],[125.683,-14.168]]],[[[125.681,-14.37],[125.681,-14.37]]],[[[125.644,-13.947],[125.644,-13.947]]],[[[125.585,-14.358],[125.585,-14.358]]],[[[125.563,-14.486],[125.524,-14.467],[125.511,-14.455],[125.511,-14.444],[125.53,-14.423],[125.563,-14.486]]],[[[125.561,-14.105],[125.561,-14.105]]],[[[125.521,-14.425],[125.516,-14.435],[125.501,-14.43],[125.521,-14.425]]],[[[125.506,-14.508],[125.506,-14.508]]],[[[125.497,-14.499],[125.451,-14.497],[125.445,-14.481],[125.497,-14.499]]],[[[125.444,-14.575],[125.444,-14.575]]],[[[125.442,-14.54],[125.442,-14.54]]],[[[125.436,-14.554],[125.436,-14.554]]],[[[125.414,-14.54],[125.414,-14.54]]],[[[125.411,-14.337],[125.411,-14.337]]],[[[125.367,-15.079],[125.367,-15.079]]],[[[125.367,-15.01],[125.367,-15.01]]],[[[125.346,-14.493],[125.346,-14.493]]],[[[125.33,-14.553],[125.33,-14.553]]],[[[125.32,-14.267],[125.32,-14.267]]],[[[125.31,-14.277],[125.31,-14.277]]],[[[125.306,-15.07],[125.306,-15.07]]],[[[125.279,-14.581],[125.268,-14.588],[125.254,-14.578],[125.279,-14.581]]],[[[125.273,-14.478],[125.265,-14.471],[125.248,-14.472],[125.273,-14.478]]],[[[125.272,-14.415],[125.256,-14.419],[125.245,-14.419],[125.272,-14.415]]],[[[125.254,-15.086],[125.247,-15.095],[125.228,-15.096],[125.254,-15.086]]],[[[125.253,-14.978],[125.232,-14.997],[125.229,-14.991],[125.253,-14.978]]],[[[125.244,-14.422],[125.244,-14.422]]],[[[125.231,-15.071],[125.217,-15.105],[125.196,-15.121],[125.164,-15.083],[125.144,-15.042],[125.156,-15.026],[125.167,-15.021],[125.178,-15.048],[125.177,-15.066],[125.231,-15.071]]],[[[125.23,-14.909],[125.23,-14.909]]],[[[125.229,-14.3],[125.229,-14.3]]],[[[125.216,-14.496],[125.184,-14.551],[125.18,-14.56],[125.21,-14.591],[125.214,-14.607],[125.148,-14.636],[125.152,-14.656],[125.135,-14.652],[125.136,-14.628],[125.108,-14.643],[125.093,-14.626],[125.103,-14.568],[125.096,-14.546],[125.143,-14.564],[125.152,-14.566],[125.147,-14.526],[125.15,-14.519],[125.118,-14.507],[125.118,-14.494],[125.16,-14.471],[125.151,-14.453],[125.216,-14.496]]],[[[125.208,-14.953],[125.201,-14.967],[125.188,-14.962],[125.208,-14.953]]],[[[125.19,-14.871],[125.19,-14.871]]],[[[125.147,-14.663],[125.147,-14.663]]],[[[125.145,-14.761],[125.145,-14.761]]],[[[125.134,-14.752],[125.134,-14.752]]],[[[125.053,-15.309],[125.053,-15.309]]],[[[125.036,-15.328],[124.995,-15.376],[124.993,-15.357],[125.036,-15.328]]],[[[125.032,-14.782],[125.032,-14.782]]],[[[125.016,-15.206],[125.016,-15.206]]],[[[125.015,-15.431],[125.015,-15.431]]],[[[125.0,-14.517],[124.98,-14.524],[124.977,-14.507],[124.99,-14.499],[124.99,-14.485],[125.0,-14.517]]],[[[124.996,-14.44],[124.98,-14.444],[124.972,-14.437],[124.996,-14.44]]],[[[124.986,-14.395],[124.983,-14.424],[124.973,-14.398],[124.959,-14.402],[124.986,-14.395]]],[[[124.985,-15.056],[124.971,-15.087],[124.952,-15.099],[124.956,-15.071],[124.969,-15.042],[124.985,-15.056]]],[[[124.984,-15.343],[124.98,-15.352],[124.951,-15.364],[124.984,-15.343]]],[[[124.962,-15.045],[124.945,-15.075],[124.94,-15.067],[124.962,-15.045]]],[[[124.959,-15.029],[124.94,-15.049],[124.914,-14.996],[124.921,-14.98],[124.883,-14.997],[124.877,-14.986],[124.898,-14.975],[124.922,-14.967],[124.917,-14.922],[124.927,-14.927],[124.946,-14.965],[124.93,-15.008],[124.959,-15.029]]],[[[124.932,-14.521],[124.932,-14.521]]],[[[124.927,-14.895],[124.927,-14.895]]],[[[124.891,-14.949],[124.891,-14.949]]],[[[124.873,-14.94],[124.873,-14.94]]],[[[124.866,-15.023],[124.854,-15.031],[124.844,-15.025],[124.866,-15.023]]],[[[124.863,-15.287],[124.861,-15.313],[124.842,-15.315],[124.863,-15.287]]],[[[124.859,-15.343],[124.859,-15.343]]],[[[124.857,-15.256],[124.812,-15.306],[124.791,-15.287],[124.8,-15.26],[124.81,-15.229],[124.857,-15.256]]],[[[124.808,-15.216],[124.802,-15.223],[124.783,-15.219],[124.808,-15.216]]],[[[124.79,-15.013],[124.79,-15.013]]],[[[124.78,-14.949],[124.78,-14.949]]],[[[124.763,-14.955],[124.763,-14.955]]],[[[124.748,-14.91],[124.748,-14.91]]],[[[124.732,-14.86],[124.732,-14.86]]],[[[124.72,-16.377],[124.692,-16.378],[124.679,-16.369],[124.72,-16.377]]],[[[124.703,-16.357],[124.691,-16.365],[124.673,-16.356],[124.703,-16.357]]],[[[124.694,-14.954],[124.694,-14.954]]],[[[124.672,-14.945],[124.672,-14.945]]],[[[124.656,-15.789],[124.648,-15.799],[124.629,-15.804],[124.656,-15.789]]],[[[124.655,-15.397],[124.567,-15.444],[124.525,-15.448],[124.52,-15.431],[124.514,-15.426],[124.59,-15.382],[124.591,-15.369],[124.537,-15.376],[124.528,-15.357],[124.522,-15.379],[124.535,-15.383],[124.516,-15.393],[124.507,-15.398],[124.512,-15.365],[124.498,-15.37],[124.486,-15.403],[124.476,-15.405],[124.467,-15.373],[124.461,-15.355],[124.5,-15.337],[124.517,-15.334],[124.515,-15.314],[124.536,-15.304],[124.504,-15.304],[124.495,-15.292],[124.558,-15.25],[124.571,-15.245],[124.569,-15.295],[124.556,-15.314],[124.571,-15.313],[124.59,-15.312],[124.589,-15.336],[124.58,-15.343],[124.655,-15.397]]],[[[124.65,-15.167],[124.65,-15.167]]],[[[124.65,-16.35],[124.565,-16.344],[124.65,-16.35]]],[[[124.64,-15.282],[124.618,-15.291],[124.612,-15.284],[124.64,-15.282]]],[[[124.621,-15.433],[124.602,-15.441],[124.594,-15.442],[124.621,-15.433]]],[[[124.597,-15.911],[124.557,-15.965],[124.532,-15.967],[124.597,-15.911]]],[[[124.577,-15.268],[124.577,-15.268]]],[[[124.547,-15.232],[124.547,-15.232]]],[[[124.516,-15.212],[124.516,-15.212]]],[[[124.501,-15.456],[124.501,-15.456]]],[[[124.496,-15.208],[124.496,-15.208]]],[[[124.485,-15.968],[124.485,-15.968]]],[[[124.481,-15.318],[124.481,-15.318]]],[[[124.477,-15.987],[124.477,-15.987]]],[[[124.47,-16.005],[124.47,-16.005]]],[[[124.47,-15.914],[124.456,-15.955],[124.449,-15.985],[124.47,-15.914]]],[[[124.465,-16.356],[124.435,-16.373],[124.433,-16.368],[124.465,-16.356]]],[[[124.461,-15.301],[124.353,-15.322],[124.343,-15.31],[124.417,-15.264],[124.441,-15.25],[124.461,-15.301]]],[[[124.456,-15.86],[124.456,-15.86]]],[[[124.456,-15.876],[124.456,-15.876]]],[[[124.405,-15.531],[124.405,-15.531]]],[[[124.401,-15.342],[124.401,-15.342]]],[[[124.4,-15.228],[124.4,-15.228]]],[[[124.396,-16.321],[124.396,-16.321]]],[[[124.375,-15.391],[124.367,-15.399],[124.338,-15.376],[124.375,-15.391]]],[[[124.367,-16.365],[124.367,-16.365]]],[[[124.359,-16.347],[124.359,-16.347]]],[[[124.351,-16.359],[124.351,-16.359]]],[[[124.35,-15.33],[124.318,-15.357],[124.304,-15.352],[124.35,-15.33]]],[[[124.287,-15.302],[124.242,-15.32],[124.232,-15.319],[124.233,-15.297],[124.266,-15.282],[124.287,-15.302]]],[[[124.259,-16.385],[124.223,-16.381],[124.216,-16.354],[124.259,-16.385]]],[[[124.235,-15.969],[124.201,-15.965],[124.185,-15.925],[124.235,-15.969]]],[[[124.23,-15.938],[124.23,-15.938]]],[[[124.229,-15.32],[124.229,-15.32]]],[[[124.22,-15.946],[124.22,-15.946]]],[[[124.208,-15.331],[124.208,-15.331]]],[[[124.187,-15.953],[124.187,-15.953]]],[[[124.146,-33.843],[124.146,-33.843]]],[[[124.144,-16.25],[124.11,-16.258],[124.098,-16.251],[124.114,-16.24],[124.113,-16.229],[124.144,-16.25]]],[[[124.103,-16.12],[124.103,-16.12]]],[[[124.099,-16.094],[124.077,-16.104],[124.059,-16.106],[124.077,-16.094],[124.069,-16.081],[124.099,-16.094]]],[[[124.099,-16.158],[124.067,-16.153],[124.066,-16.145],[124.099,-16.158]]],[[[124.094,-16.231],[124.094,-16.231]]],[[[124.085,-16.168],[124.085,-16.168]]],[[[124.08,-16.249],[124.08,-16.249]]],[[[123.94,-16.277],[123.897,-16.257],[123.862,-16.236],[123.94,-16.277]]],[[[123.893,-16.186],[123.893,-16.186]]],[[[123.891,-34.102],[123.891,-34.102]]],[[[123.891,-16.203],[123.878,-16.2],[123.867,-16.191],[123.891,-16.203]]],[[[123.886,-16.28],[123.864,-16.274],[123.857,-16.253],[123.886,-16.28]]],[[[123.885,-16.32],[123.865,-16.29],[123.885,-16.32]]],[[[123.884,-16.174],[123.884,-16.174]]],[[[123.874,-16.202],[123.874,-16.202]]],[[[123.857,-16.279],[123.857,-16.279]]],[[[123.845,-16.236],[123.845,-16.236]]],[[[123.842,-16.189],[123.842,-16.189]]],[[[123.835,-16.247],[123.818,-16.269],[123.804,-16.245],[123.831,-16.235],[123.831,-16.224],[123.835,-16.247]]],[[[123.82,-16.208],[123.82,-16.208]]],[[[123.813,-16.199],[123.813,-16.199]]],[[[123.809,-16.2],[123.791,-16.2],[123.772,-16.166],[123.809,-16.2]]],[[[123.797,-16.145],[123.777,-16.16],[123.766,-16.159],[123.705,-16.119],[123.683,-16.112],[123.778,-16.113],[123.789,-16.114],[123.797,-16.145]]],[[[123.754,-16.263],[123.754,-16.263]]],[[[123.703,-15.94],[123.703,-15.94]]],[[[123.698,-16.355],[123.698,-16.355]]],[[[123.683,-17.034],[123.683,-17.034]]],[[[123.672,-16.356],[123.672,-16.356]]],[[[123.666,-16.416],[123.648,-16.418],[123.622,-16.401],[123.666,-16.416]]],[[[123.658,-16.345],[123.63,-16.336],[123.658,-16.345]]],[[[123.64,-16.099],[123.625,-16.107],[123.585,-16.081],[123.64,-16.099]]],[[[123.629,-16.354],[123.606,-16.343],[123.6,-16.328],[123.629,-16.354]]],[[[123.627,-16.421],[123.62,-16.428],[123.607,-16.418],[123.627,-16.421]]],[[[123.595,-16.161],[123.595,-16.161]]],[[[123.58,-16.241],[123.565,-16.241],[123.547,-16.22],[123.58,-16.241]]],[[[123.576,-16.264],[123.576,-16.264]]],[[[123.573,-16.25],[123.566,-16.262],[123.546,-16.252],[123.573,-16.25]]],[[[123.564,-16.078],[123.526,-16.087],[123.523,-16.069],[123.564,-16.078]]],[[[123.562,-34.338],[123.534,-34.378],[123.534,-34.369],[123.562,-34.338]]],[[[123.559,-16.605],[123.559,-16.605]]],[[[123.554,-17.265],[123.554,-17.265]]],[[[123.552,-16.046],[123.53,-16.05],[123.508,-16.024],[123.552,-16.046]]],[[[123.552,-17.305],[123.552,-17.305]]],[[[123.548,-16.265],[123.526,-16.277],[123.503,-16.258],[123.548,-16.265]]],[[[123.546,-17.297],[123.546,-17.297]]],[[[123.546,-16.203],[123.546,-16.203]]],[[[123.538,-16.592],[123.523,-16.605],[123.518,-16.581],[123.538,-16.592]]],[[[123.537,-34.01],[123.537,-34.01]]],[[[123.535,-17.321],[123.535,-17.321]]],[[[123.535,-16.153],[123.535,-16.153]]],[[[123.531,-16.258],[123.497,-16.25],[123.507,-16.274],[123.49,-16.285],[123.48,-16.244],[123.447,-16.229],[123.457,-16.209],[123.479,-16.214],[123.531,-16.258]]],[[[123.531,-16.609],[123.481,-16.634],[123.457,-16.617],[123.531,-16.609]]],[[[123.526,-17.344],[123.526,-17.344]]],[[[123.525,-16.148],[123.525,-16.148]]],[[[123.522,-16.276],[123.522,-16.276]]],[[[123.493,-16.6],[123.493,-16.6]]],[[[123.461,-16.168],[123.428,-16.162],[123.461,-16.168]]],[[[123.459,-16.27],[123.438,-16.278],[123.435,-16.271],[123.459,-16.27]]],[[[123.458,-17.336],[123.458,-17.336]]],[[[123.456,-16.53],[123.429,-16.525],[123.456,-16.53]]],[[[123.446,-16.088],[123.442,-16.114],[123.424,-16.088],[123.446,-16.088]]],[[[123.435,-16.278],[123.435,-16.278]]],[[[123.43,-16.284],[123.43,-16.284]]],[[[123.424,-17.322],[123.404,-17.319],[123.4,-17.301],[123.424,-17.322]]],[[[123.423,-16.132],[123.4,-16.134],[123.389,-16.129],[123.394,-16.11],[123.401,-16.109],[123.423,-16.132]]],[[[123.422,-16.343],[123.422,-16.343]]],[[[123.419,-16.085],[123.406,-16.08],[123.389,-16.07],[123.419,-16.085]]],[[[123.403,-16.372],[123.403,-16.372]]],[[[123.4,-16.528],[123.388,-16.527],[123.38,-16.517],[123.4,-16.528]]],[[[123.391,-16.583],[123.388,-16.605],[123.363,-16.584],[123.348,-16.545],[123.391,-16.583]]],[[[123.376,-16.058],[123.376,-16.058]]],[[[123.361,-16.427],[123.361,-16.427]]],[[[123.357,-16.361],[123.336,-16.359],[123.335,-16.333],[123.357,-16.361]]],[[[123.351,-16.162],[123.336,-16.167],[123.32,-16.153],[123.351,-16.162]]],[[[123.328,-16.14],[123.328,-16.14]]],[[[123.319,-16.322],[123.319,-16.322]]],[[[123.317,-16.135],[123.302,-16.138],[123.29,-16.126],[123.317,-16.135]]],[[[123.314,-16.033],[123.295,-16.046],[123.278,-16.043],[123.314,-16.033]]],[[[123.306,-16.307],[123.306,-16.307]]],[[[123.297,-16.301],[123.297,-16.301]]],[[[123.226,-16.407],[123.213,-16.423],[123.199,-16.425],[123.226,-16.407]]],[[[123.216,-34.088],[123.207,-34.119],[123.161,-34.117],[123.157,-34.11],[123.216,-34.088]]],[[[123.211,-16.393],[123.177,-16.434],[123.167,-16.425],[123.179,-16.406],[123.168,-16.389],[123.211,-16.393]]],[[[123.188,-34.078],[123.188,-34.078]]],[[[123.168,-16.405],[123.168,-16.405]]],[[[123.167,-15.529],[123.167,-15.529]]],[[[123.158,-16.397],[123.158,-16.397]]],[[[123.136,-16.401],[123.136,-16.401]]],[[[123.129,-16.435],[123.104,-16.437],[123.091,-16.426],[123.129,-16.435]]],[[[122.862,-33.983],[122.814,-34.003],[122.862,-33.983]]],[[[122.813,-34.009],[122.813,-34.009]]],[[[122.655,-33.997],[122.655,-33.997]]],[[[122.261,-34.124],[122.249,-34.145],[122.246,-34.161],[122.239,-34.126],[122.231,-34.127],[122.261,-34.124]]],[[[122.152,-34.033],[122.129,-34.029],[122.152,-34.033]]],[[[122.127,-16.853],[122.113,-16.858],[122.093,-16.855],[122.127,-16.853]]],[[[122.11,-34.064],[122.11,-34.064]]],[[[122.059,-34.146],[122.039,-34.142],[122.059,-34.146]]],[[[122.027,-33.963],[122.004,-33.971],[122.002,-33.958],[122.027,-33.963]]],[[[122.011,-34.024],[121.993,-34.042],[121.982,-34.037],[122.011,-34.024]]],[[[122.005,-33.987],[122.005,-33.987]]],[[[121.993,-33.973],[121.993,-33.973]]],[[[121.984,-34.118],[121.984,-34.118]]],[[[121.98,-34.049],[121.954,-34.056],[121.98,-34.049]]],[[[121.91,-33.918],[121.91,-33.918]]],[[[121.884,-33.92],[121.884,-33.92]]],[[[121.804,-33.925],[121.804,-33.925]]],[[[121.69,-34.005],[121.669,-34.002],[121.69,-34.005]]],[[[121.617,-34.019],[121.606,-34.039],[121.593,-34.029],[121.617,-34.019]]],[[[119.614,-34.376],[119.614,-34.376]]],[[[118.528,-20.312],[118.511,-20.324],[118.5,-20.319],[118.528,-20.312]]],[[[118.487,-34.922],[118.467,-34.935],[118.437,-34.911],[118.487,-34.922]]],[[[118.07,-35.065],[118.044,-35.066],[118.04,-35.06],[118.07,-35.065]]],[[[117.874,-20.516],[117.862,-20.532],[117.845,-20.539],[117.874,-20.516]]],[[[117.744,-20.627],[117.734,-20.654],[117.711,-20.643],[117.717,-20.608],[117.744,-20.627]]],[[[117.089,-20.616],[117.058,-20.639],[117.038,-20.636],[117.089,-20.616]]],[[[117.085,-20.447],[117.085,-20.447]]],[[[116.975,-20.44],[116.975,-20.44]]],[[[116.953,-20.42],[116.849,-20.379],[116.832,-20.354],[116.953,-20.42]]],[[[116.886,-20.481],[116.837,-20.52],[116.816,-20.518],[116.854,-20.445],[116.886,-20.424],[116.87,-20.48],[116.861,-20.489],[116.886,-20.481]]],[[[116.844,-20.457],[116.844,-20.457]]],[[[116.839,-20.426],[116.825,-20.458],[116.798,-20.473],[116.839,-20.426]]],[[[116.82,-20.417],[116.82,-20.417]]],[[[116.827,-20.466],[116.799,-20.518],[116.787,-20.516],[116.827,-20.466]]],[[[116.697,-20.645],[116.675,-20.662],[116.675,-20.652],[116.697,-20.645]]],[[[116.692,-20.505],[116.692,-20.505]]],[[[116.681,-20.584],[116.65,-20.621],[116.635,-20.632],[116.681,-20.584]]],[[[116.676,-20.549],[116.635,-20.608],[116.606,-20.605],[116.597,-20.603],[116.676,-20.549]]],[[[116.671,-20.518],[116.671,-20.518]]],[[[116.662,-20.675],[116.662,-20.675]]],[[[116.65,-20.549],[116.65,-20.549]]],[[[116.635,-20.459],[116.635,-20.459]]],[[[116.619,-20.474],[116.589,-20.501],[116.566,-20.486],[116.609,-20.454],[116.619,-20.474]]],[[[116.586,-20.576],[116.561,-20.609],[116.553,-20.621],[116.501,-20.622],[116.463,-20.61],[116.586,-20.576]]],[[[116.505,-35.028],[116.505,-35.028]]],[[[116.452,-20.665],[116.452,-20.665]]],[[[116.249,-20.813],[116.249,-20.813]]],[[[116.179,-20.945],[116.179,-20.945]]],[[[116.158,-20.938],[116.158,-20.938]]],[[[115.902,-20.955],[115.882,-20.95],[115.902,-20.955]]],[[[115.7,-32.226],[115.681,-32.244],[115.661,-32.156],[115.7,-32.226]]],[[[115.695,-32.305],[115.695,-32.305]]],[[[115.586,-20.403],[115.571,-20.402],[115.546,-20.381],[115.586,-20.403]]],[[[115.583,-20.661],[115.583,-20.661]]],[[[115.558,-32.003],[115.508,-32.013],[115.45,-32.026],[115.477,-32.014],[115.511,-31.988],[115.558,-32.003]]],[[[115.551,-20.442],[115.551,-20.442]]],[[[115.549,-20.433],[115.549,-20.433]]],[[[115.547,-21.387],[115.547,-21.387]]],[[[115.532,-20.479],[115.532,-20.479]]],[[[115.526,-20.411],[115.526,-20.411]]],[[[115.54,-20.372],[115.513,-20.365],[115.54,-20.372]]],[[[115.53,-20.423],[115.53,-20.423]]],[[[115.526,-20.4],[115.526,-20.4]]],[[[115.477,-20.734],[115.425,-20.838],[115.421,-20.864],[115.321,-20.892],[115.307,-20.86],[115.322,-20.808],[115.433,-20.667],[115.469,-20.68],[115.477,-20.734]]],[[[115.465,-21.493],[115.437,-21.528],[115.42,-21.52],[115.465,-21.493]]],[[[115.361,-21.485],[115.361,-21.485]]],[[[115.337,-20.966],[115.324,-20.974],[115.317,-20.948],[115.337,-20.966]]],[[[115.336,-20.906],[115.336,-20.906]]],[[[115.248,-21.569],[115.212,-21.6],[115.248,-21.569]]],[[[115.025,-21.458],[115.017,-21.465],[114.972,-21.459],[115.025,-21.458]]],[[[114.767,-21.522],[114.767,-21.522]]],[[[114.697,-21.626],[114.688,-21.62],[114.664,-21.592],[114.697,-21.626]]],[[[114.582,-21.991],[114.582,-21.991]]],[[[114.54,-22.053],[114.534,-22.062],[114.501,-22.012],[114.51,-21.994],[114.541,-22.007],[114.54,-22.053]]],[[[114.491,-22.119],[114.491,-22.119]]],[[[114.49,-22.147],[114.49,-22.147]]],[[[114.392,-21.628],[114.37,-21.652],[114.358,-21.651],[114.392,-21.628]]],[[[114.352,-21.666],[114.335,-21.675],[114.306,-21.712],[114.352,-21.666]]],[[[114.189,-22.422],[114.189,-22.422]]],[[[114.173,-22.447],[114.167,-22.474],[114.148,-22.489],[114.173,-22.447]]],[[[114.005,-28.901],[113.962,-28.985],[113.954,-28.977],[114.005,-28.901]]],[[[113.922,-25.884],[113.874,-25.871],[113.854,-25.846],[113.856,-25.811],[113.881,-25.801],[113.922,-25.884]]],[[[113.879,-26.029],[113.837,-26.002],[113.879,-26.029]]],[[[113.88,-26.03],[113.88,-26.03]]],[[[113.872,-26.064],[113.872,-26.064]]],[[[113.868,-26.384],[113.868,-26.384]]],[[[113.788,-28.714],[113.788,-28.714]]],[[[113.775,-26.544],[113.775,-26.544]]],[[[113.745,-28.426],[113.719,-28.445],[113.718,-28.43],[113.745,-28.426]]],[[[113.721,-26.062],[113.721,-26.062]]],[[[113.708,-28.463],[113.686,-28.485],[113.682,-28.454],[113.708,-28.463]]],[[[113.641,-24.886],[113.635,-24.887],[113.62,-24.872],[113.641,-24.886]]],[[[113.603,-28.298],[113.603,-28.298]]],[[[113.34,-26.322],[113.34,-26.322]]],[[[113.237,-26.104],[113.229,-26.144],[113.216,-26.163],[113.136,-26.022],[113.049,-25.931],[112.93,-25.643],[112.921,-25.588],[112.929,-25.527],[112.971,-25.48],[112.986,-25.497],[113.023,-25.499],[113.006,-25.536],[113.009,-25.561],[113.121,-25.88],[113.156,-25.888],[113.126,-25.922],[113.137,-25.977],[113.151,-25.941],[113.168,-25.943],[113.237,-26.104]]],[[[113.166,-24.781],[113.134,-24.952],[113.119,-24.987],[113.124,-24.888],[113.128,-24.844],[113.157,-24.755],[113.166,-24.781]]],[[[113.128,-25.06],[113.076,-25.273],[113.069,-25.231],[113.095,-25.121],[113.088,-25.07],[113.116,-25.016],[113.118,-24.992],[113.128,-25.06]]]]}},{"type":"Feature","id":5,"properties":{"name":"Tasmania","code":"Tas"},"geometry":{"type":"MultiPolygon","coordinates":[[[[148.482,-40.435],[148.378,-40.477],[148.351,-40.493],[148.336,-40.465],[148.31,-40.427],[148.274,-40.436],[148.227,-40.466],[148.196,-40.436],[148.151,-40.454],[148.141,-40.46],[148.128,-40.44],[148.086,-40.457],[147.99,-40.406],[147.984,-40.403],[148.06,-40.359],[148.082,-40.339],[148.184,-40.345],[148.192,-40.356],[148.207,-40.342],[148.211,-40.318],[148.244,-40.325],[148.267,-40.341],[148.331,-40.3],[148.33,-40.291],[148.424,-40.371],[148.451,-40.377],[148.482,-40.435]]],[[[148.363,-39.948],[148.363,-39.948]]],[[[144.754,-41.062],[144.639,-41.045],[144.607,-41.009],[144.626,-41.005],[144.633,-40.994],[144.612,-40.945],[144.612,-40.936],[144.649,-40.9],[144.684,-40.907],[144.699,-40.862],[144.712,-40.858],[144.686,-40.672],[144.726,-40.642],[144.772,-40.706],[144.766,-40.744],[144.778,-40.713],[144.786,-40.708],[144.928,-40.759],[144.979,-40.743],[145.119,-40.829],[145.121,-40.838],[145.164,-40.826],[145.167,-40.819],[145.113,-40.801],[145.11,-40.794],[145.188,-40.804],[145.257,-40.79],[145.216,-40.811],[145.241,-40.814],[145.259,-40.806],[145.253,-40.716],[145.26,-40.712],[145.295,-40.755],[145.309,-40.764],[145.266,-40.798],[145.269,-40.811],[145.294,-40.827],[145.28,-40.794],[145.311,-40.843],[145.321,-40.85],[145.447,-40.886],[145.435,-40.894],[145.503,-40.852],[145.512,-40.854],[145.538,-40.891],[145.546,-40.909],[145.654,-40.94],[145.729,-40.945],[145.741,-40.985],[145.696,-40.975],[145.83,-41.05],[145.836,-41.057],[145.841,-41.039],[145.877,-41.037],[145.924,-41.067],[145.923,-41.078],[145.925,-41.066],[145.958,-41.063],[146.154,-41.154],[146.152,-41.162],[146.251,-41.175],[146.251,-41.197],[146.255,-41.152],[146.333,-41.157],[146.316,-41.183],[146.337,-41.16],[146.357,-41.158],[146.356,-41.204],[146.348,-41.217],[146.385,-41.229],[146.389,-41.238],[146.37,-41.194],[146.37,-41.167],[146.519,-41.136],[146.532,-41.118],[146.573,-41.239],[146.565,-41.251],[146.583,-41.223],[146.585,-41.205],[146.594,-41.251],[146.607,-41.259],[146.595,-41.209],[146.578,-41.198],[146.595,-41.164],[146.61,-41.158],[146.567,-41.164],[146.564,-41.146],[146.714,-41.075],[146.708,-41.064],[146.745,-41.085],[146.768,-41.079],[146.81,-41.131],[146.82,-41.138],[146.763,-41.15],[146.771,-41.165],[146.79,-41.146],[146.807,-41.141],[146.83,-41.187],[146.839,-41.2],[146.858,-41.193],[146.834,-41.163],[146.878,-41.15],[146.923,-41.17],[146.907,-41.206],[146.898,-41.203],[146.946,-41.26],[146.975,-41.252],[146.97,-41.298],[146.971,-41.309],[147.005,-41.321],[147.034,-41.356],[147.058,-41.336],[147.077,-41.341],[147.069,-41.354],[147.074,-41.384],[147.128,-41.438],[147.122,-41.444],[147.146,-41.417],[147.156,-41.417],[147.142,-41.429],[147.127,-41.432],[147.04,-41.319],[146.978,-41.309],[147.014,-41.284],[147.015,-41.276],[146.946,-41.229],[146.945,-41.207],[146.921,-41.22],[146.912,-41.212],[146.937,-41.182],[146.965,-41.19],[146.9,-41.137],[146.851,-41.14],[146.828,-41.136],[146.804,-41.07],[146.787,-41.054],[146.894,-41.03],[146.959,-41.027],[146.997,-40.985],[147.021,-40.98],[147.154,-41.022],[147.158,-41.031],[147.249,-40.953],[147.28,-40.942],[147.303,-40.958],[147.346,-40.939],[147.401,-41.011],[147.435,-41.012],[147.397,-41.003],[147.441,-41.003],[147.491,-40.979],[147.627,-40.845],[147.67,-40.821],[147.706,-40.86],[147.757,-40.858],[147.752,-40.876],[147.874,-40.883],[147.904,-40.878],[147.885,-40.878],[147.887,-40.864],[147.933,-40.815],[147.948,-40.791],[147.943,-40.753],[147.939,-40.74],[147.959,-40.747],[147.975,-40.738],[148.058,-40.772],[148.079,-40.769],[148.141,-40.831],[148.175,-40.83],[148.112,-40.828],[148.126,-40.836],[148.198,-40.839],[148.223,-40.846],[148.324,-40.988],[148.349,-40.993],[148.302,-41.029],[148.297,-41.062],[148.294,-41.029],[148.249,-41.051],[148.282,-41.052],[148.298,-41.064],[148.27,-41.126],[148.285,-41.169],[148.253,-41.191],[148.329,-41.249],[148.338,-41.26],[148.31,-41.289],[148.308,-41.302],[148.295,-41.283],[148.282,-41.277],[148.247,-41.328],[148.236,-41.323],[148.272,-41.34],[148.356,-41.274],[148.359,-41.28],[148.294,-41.369],[148.279,-41.372],[148.266,-41.462],[148.271,-41.502],[148.254,-41.478],[148.249,-41.486],[148.317,-41.575],[148.32,-41.621],[148.284,-41.758],[148.264,-41.807],[148.319,-41.903],[148.324,-41.917],[148.289,-41.983],[148.285,-42.039],[148.333,-42.106],[148.341,-42.103],[148.324,-42.149],[148.298,-42.166],[148.345,-42.184],[148.357,-42.18],[148.308,-42.267],[148.315,-42.276],[148.261,-42.254],[148.251,-42.242],[148.278,-42.173],[148.259,-42.165],[148.298,-42.14],[148.298,-42.126],[148.268,-42.11],[148.248,-42.117],[148.225,-42.077],[148.221,-42.069],[148.187,-42.078],[148.157,-42.074],[148.243,-42.003],[148.243,-41.988],[148.218,-42.003],[148.197,-42.021],[148.171,-41.997],[148.163,-41.998],[148.146,-42.042],[148.133,-42.044],[148.158,-42.05],[148.165,-42.052],[148.094,-42.081],[148.093,-42.081],[148.211,-42.085],[148.235,-42.098],[148.124,-42.092],[148.047,-42.118],[148.07,-42.112],[148.085,-42.126],[148.071,-42.154],[148.084,-42.168],[148.014,-42.239],[148.016,-42.285],[148.0,-42.31],[147.936,-42.337],[147.931,-42.343],[147.955,-42.344],[147.962,-42.357],[147.996,-42.312],[148.018,-42.315],[148.016,-42.328],[148.027,-42.35],[147.988,-42.389],[147.98,-42.405],[147.999,-42.433],[147.977,-42.441],[148.01,-42.441],[147.997,-42.502],[148.01,-42.51],[147.969,-42.52],[147.949,-42.553],[147.914,-42.516],[147.924,-42.497],[147.913,-42.531],[147.913,-42.549],[147.888,-42.545],[147.875,-42.555],[147.917,-42.59],[147.946,-42.606],[147.958,-42.653],[147.93,-42.645],[147.953,-42.661],[147.963,-42.67],[147.87,-42.819],[147.884,-42.846],[147.87,-42.837],[147.865,-42.815],[147.835,-42.861],[147.845,-42.874],[147.791,-42.893],[147.791,-42.903],[147.722,-42.887],[147.669,-42.902],[147.647,-42.893],[147.64,-42.88],[147.684,-42.864],[147.701,-42.872],[147.653,-42.879],[147.606,-42.869],[147.603,-42.798],[147.594,-42.782],[147.537,-42.783],[147.539,-42.772],[147.54,-42.801],[147.535,-42.805],[147.445,-42.783],[147.435,-42.774],[147.472,-42.821],[147.481,-42.827],[147.579,-42.825],[147.613,-42.846],[147.529,-42.847],[147.504,-42.864],[147.511,-42.876],[147.495,-42.911],[147.542,-42.959],[147.554,-42.986],[147.529,-43.006],[147.521,-43.021],[147.419,-43.05],[147.408,-43.046],[147.404,-42.985],[147.392,-42.976],[147.409,-42.963],[147.452,-43.033],[147.469,-43.027],[147.469,-42.999],[147.478,-42.982],[147.445,-42.978],[147.446,-42.965],[147.491,-42.927],[147.485,-42.913],[147.479,-42.906],[147.435,-42.909],[147.421,-42.94],[147.409,-42.939],[147.417,-42.909],[147.405,-42.884],[147.366,-42.87],[147.352,-42.876],[147.351,-42.861],[147.359,-42.849],[147.284,-42.778],[147.265,-42.778],[147.266,-42.739],[147.263,-42.73],[147.252,-42.751],[147.257,-42.757],[147.199,-42.725],[147.14,-42.767],[147.115,-42.773],[147.155,-42.753],[147.198,-42.74],[147.253,-42.787],[147.283,-42.79],[147.262,-42.812],[147.256,-42.815],[147.305,-42.826],[147.322,-42.832],[147.332,-42.9],[147.361,-42.914],[147.324,-43.006],[147.344,-43.052],[147.314,-43.059],[147.285,-43.008],[147.271,-43.025],[147.265,-43.021],[147.28,-43.027],[147.256,-43.073],[147.279,-43.075],[147.301,-43.088],[147.269,-43.122],[147.246,-43.122],[147.255,-43.188],[147.261,-43.224],[147.24,-43.257],[147.243,-43.268],[147.189,-43.276],[147.168,-43.283],[147.142,-43.254],[147.151,-43.241],[147.1,-43.245],[147.089,-43.243],[147.091,-43.22],[147.118,-43.211],[147.096,-43.172],[147.083,-43.163],[147.063,-43.217],[147.062,-43.225],[147.01,-43.19],[146.984,-43.189],[147.045,-43.047],[147.03,-43.059],[146.96,-43.156],[146.95,-43.164],[147.098,-43.28],[147.1,-43.29],[147.081,-43.292],[147.065,-43.333],[147.045,-43.312],[147.004,-43.335],[146.982,-43.33],[147.033,-43.348],[147.059,-43.353],[147.012,-43.422],[147.026,-43.436],[146.948,-43.434],[146.924,-43.416],[146.921,-43.438],[146.916,-43.447],[146.996,-43.462],[147.002,-43.48],[146.973,-43.469],[146.942,-43.478],[146.944,-43.512],[146.977,-43.488],[146.954,-43.512],[146.953,-43.533],[146.924,-43.53],[146.917,-43.546],[146.911,-43.514],[146.901,-43.516],[146.889,-43.553],[146.877,-43.558],[146.924,-43.581],[146.921,-43.6],[146.845,-43.633],[146.827,-43.643],[146.831,-43.615],[146.785,-43.6],[146.711,-43.626],[146.705,-43.633],[146.67,-43.594],[146.66,-43.608],[146.61,-43.56],[146.599,-43.562],[146.578,-43.485],[146.559,-43.465],[146.551,-43.51],[146.596,-43.543],[146.368,-43.52],[146.345,-43.513],[146.318,-43.536],[146.29,-43.545],[146.273,-43.498],[146.216,-43.486],[146.21,-43.507],[146.21,-43.535],[146.162,-43.516],[146.159,-43.5],[146.142,-43.504],[146.147,-43.528],[146.11,-43.524],[146.11,-43.557],[146.046,-43.552],[146.031,-43.571],[146.027,-43.488],[146.029,-43.464],[146.001,-43.438],[145.997,-43.407],[145.934,-43.391],[145.921,-43.381],[145.969,-43.36],[145.977,-43.356],[145.984,-43.388],[145.994,-43.394],[145.975,-43.349],[145.987,-43.329],[146.071,-43.366],[146.084,-43.372],[146.092,-43.364],[146.058,-43.344],[146.101,-43.346],[146.131,-43.355],[146.14,-43.407],[146.144,-43.409],[146.144,-43.408],[146.135,-43.377],[146.177,-43.382],[146.155,-43.363],[146.209,-43.376],[146.223,-43.389],[146.223,-43.333],[146.232,-43.322],[146.189,-43.315],[146.176,-43.327],[146.176,-43.298],[146.168,-43.291],[146.136,-43.346],[146.112,-43.348],[146.066,-43.298],[146.064,-43.289],[146.049,-43.321],[146.059,-43.334],[146.029,-43.342],[146.004,-43.335],[145.964,-43.286],[145.953,-43.281],[145.968,-43.248],[145.98,-43.235],[145.932,-43.213],[145.917,-43.211],[145.925,-43.225],[145.928,-43.245],[145.876,-43.273],[145.862,-43.273],[145.901,-43.265],[145.924,-43.267],[145.92,-43.292],[145.927,-43.3],[145.851,-43.307],[145.841,-43.315],[145.797,-43.219],[145.808,-43.209],[145.769,-43.186],[145.762,-43.193],[145.725,-43.122],[145.736,-43.117],[145.683,-43.1],[145.673,-43.107],[145.685,-43.069],[145.682,-43.05],[145.561,-42.971],[145.495,-42.992],[145.492,-42.956],[145.504,-42.949],[145.452,-42.898],[145.436,-42.873],[145.366,-42.689],[145.366,-42.657],[145.285,-42.632],[145.263,-42.622],[145.299,-42.577],[145.304,-42.571],[145.267,-42.529],[145.253,-42.522],[145.223,-42.355],[145.196,-42.328],[145.214,-42.298],[145.214,-42.278],[145.174,-42.21],[145.166,-42.197],[145.209,-42.207],[145.207,-42.2],[145.256,-42.267],[145.253,-42.288],[145.3,-42.297],[145.318,-42.285],[145.31,-42.32],[145.416,-42.372],[145.453,-42.404],[145.462,-42.501],[145.474,-42.526],[145.464,-42.443],[145.474,-42.441],[145.453,-42.442],[145.458,-42.435],[145.608,-42.453],[145.618,-42.445],[145.525,-42.444],[145.513,-42.435],[145.543,-42.369],[145.558,-42.357],[145.53,-42.373],[145.512,-42.374],[145.499,-42.332],[145.494,-42.322],[145.493,-42.356],[145.481,-42.364],[145.377,-42.252],[145.365,-42.252],[145.356,-42.194],[145.373,-42.195],[145.326,-42.161],[145.334,-42.152],[145.308,-42.149],[145.304,-42.153],[145.316,-42.158],[145.318,-42.176],[145.29,-42.197],[145.29,-42.227],[145.249,-42.221],[145.223,-42.219],[145.26,-42.168],[145.264,-42.112],[145.197,-41.949],[145.204,-41.937],[145.109,-41.877],[145.071,-41.855],[144.98,-41.74],[144.985,-41.736],[144.927,-41.721],[144.911,-41.691],[145.051,-41.608],[145.051,-41.601],[144.975,-41.629],[144.921,-41.668],[144.785,-41.446],[144.746,-41.421],[144.79,-41.395],[144.706,-41.255],[144.684,-41.235],[144.678,-41.08],[144.659,-41.057],[144.681,-41.05],[144.684,-41.038],[144.754,-41.062]],[[144.779,-41.08],[144.779,-41.08]],[[144.777,-41.07],[144.777,-41.07]],[[144.796,-41.056],[144.796,-41.056]],[[144.792,-41.085],[144.792,-41.085]],[[145.064,-41.634],[145.081,-41.657],[145.104,-41.656],[145.064,-41.634]],[[145.389,-42.197],[145.411,-42.198],[145.415,-42.197],[145.389,-42.197]],[[145.431,-42.19],[145.487,-42.187],[145.5,-42.176],[145.431,-42.19]],[[146.157,-43.414],[146.157,-43.414]],[[147.536,-42.96],[147.518,-42.964],[147.509,-42.967],[147.529,-42.985],[147.536,-42.96]],[[148.301,-41.251],[148.301,-41.251]],[[147.201,-41.0],[147.201,-41.0]],[[146.152,-41.162],[146.132,-41.157],[146.121,-41.156],[146.152,-41.162]],[[145.121,-40.839],[145.091,-40.848],[145.121,-40.839]],[[148.249,-41.46],[148.249,-41.46]],[[148.23,-41.443],[148.23,-41.443]],[[148.22,-41.446],[148.22,-41.446]],[[148.204,-41.444],[148.204,-41.444]],[[148.076,-42.067],[148.076,-42.067]],[[147.052,-43.042],[147.034,-43.011],[147.002,-43.017],[147.052,-43.042]],[[146.918,-43.437],[146.918,-43.437]],[[145.918,-43.21],[145.921,-43.163],[145.94,-43.15],[145.918,-43.21]],[[145.614,-42.437],[145.648,-42.436],[145.672,-42.445],[145.666,-42.538],[145.671,-42.562],[145.73,-42.583],[145.741,-42.591],[145.701,-42.572],[145.672,-42.561],[145.679,-42.502],[145.673,-42.443],[145.614,-42.437]],[[145.246,-42.031],[145.253,-42.019],[145.268,-42.023],[145.246,-42.031]]],[[[148.35,-40.517],[148.34,-40.517],[148.328,-40.502],[148.35,-40.517]]],[[[148.348,-39.951],[148.323,-39.96],[148.315,-39.947],[148.348,-39.951]]],[[[148.346,-42.342],[148.237,-42.318],[148.236,-42.306],[148.279,-42.302],[148.298,-42.292],[148.346,-42.342]]],[[[148.334,-40.208],[148.283,-40.231],[148.259,-40.21],[148.21,-40.211],[148.185,-40.25],[148.122,-40.274],[148.06,-40.248],[148.046,-40.25],[148.02,-40.137],[148.007,-40.105],[147.964,-40.089],[147.954,-40.099],[147.952,-40.061],[147.934,-40.035],[147.875,-40.021],[147.859,-40.023],[147.886,-40.001],[147.897,-39.999],[147.899,-39.943],[147.88,-39.907],[147.757,-39.891],[147.748,-39.874],[147.804,-39.835],[147.844,-39.837],[147.868,-39.774],[147.848,-39.751],[147.863,-39.747],[147.884,-39.761],[147.942,-39.72],[147.963,-39.727],[147.956,-39.745],[147.967,-39.773],[147.968,-39.759],[147.991,-39.779],[147.968,-39.742],[147.961,-39.73],[148.171,-39.943],[148.177,-39.952],[148.26,-39.967],[148.291,-39.965],[148.279,-40.009],[148.286,-40.068],[148.238,-40.102],[148.223,-40.121],[148.234,-40.128],[148.279,-40.116],[148.282,-40.081],[148.288,-40.081],[148.334,-40.208]]],[[[148.326,-40.287],[148.306,-40.293],[148.278,-40.284],[148.288,-40.279],[148.295,-40.257],[148.326,-40.287]]],[[[148.318,-40.501],[148.318,-40.501]]],[[[148.267,-40.253],[148.234,-40.255],[148.228,-40.241],[148.267,-40.253]]],[[[148.262,-40.228],[148.262,-40.228]]],[[[148.248,-40.488],[148.195,-40.569],[148.198,-40.59],[148.126,-40.572],[148.113,-40.565],[148.122,-40.537],[148.096,-40.532],[148.248,-40.488]]],[[[148.215,-40.255],[148.215,-40.255]]],[[[148.169,-42.649],[148.112,-42.66],[148.081,-42.662],[148.096,-42.711],[148.093,-42.721],[148.048,-42.723],[148.014,-42.742],[148.057,-42.686],[148.066,-42.677],[148.025,-42.668],[148.009,-42.661],[148.053,-42.585],[148.067,-42.571],[148.09,-42.585],[148.12,-42.585],[148.169,-42.649]]],[[[148.166,-40.292],[148.132,-40.298],[148.166,-40.292]]],[[[148.128,-40.734],[148.108,-40.743],[148.09,-40.74],[148.128,-40.734]]],[[[148.116,-40.303],[148.116,-40.303]]],[[[148.082,-40.489],[148.048,-40.474],[148.082,-40.489]]],[[[148.025,-40.355],[147.995,-40.369],[147.981,-40.368],[148.025,-40.355]]],[[[148.012,-43.222],[147.917,-43.19],[147.897,-43.191],[147.888,-43.143],[147.895,-43.138],[147.867,-43.129],[147.863,-43.108],[147.866,-43.198],[147.875,-43.206],[147.861,-43.208],[147.844,-43.188],[147.8,-43.242],[147.786,-43.238],[147.746,-43.198],[147.712,-43.194],[147.698,-43.146],[147.685,-43.139],[147.748,-43.112],[147.742,-43.095],[147.674,-43.089],[147.651,-43.089],[147.628,-43.04],[147.619,-43.007],[147.668,-43.0],[147.679,-42.992],[147.664,-42.944],[147.679,-42.935],[147.726,-42.949],[147.731,-42.957],[147.727,-43.019],[147.718,-43.028],[147.807,-43.046],[147.814,-43.061],[147.845,-43.031],[147.86,-43.057],[147.872,-43.023],[147.925,-43.016],[147.847,-43.013],[147.838,-42.992],[147.857,-42.983],[147.823,-42.976],[147.811,-42.962],[147.854,-42.946],[147.866,-42.947],[147.833,-42.935],[147.815,-42.938],[147.822,-42.908],[147.803,-42.893],[147.895,-42.894],[147.908,-42.909],[147.904,-42.882],[147.861,-42.875],[147.88,-42.854],[147.892,-42.843],[147.94,-42.877],[147.971,-42.864],[147.983,-42.941],[148.0,-42.964],[147.931,-43.01],[147.926,-43.021],[147.972,-43.135],[148.006,-43.139],[147.983,-43.156],[147.964,-43.192],[148.012,-43.222]]],[[[148.011,-39.649],[147.991,-39.663],[147.965,-39.661],[148.011,-39.649]]],[[[148.01,-43.237],[148.01,-43.237]]],[[[147.987,-40.186],[147.987,-40.186]]],[[[147.947,-39.697],[147.891,-39.7],[147.888,-39.688],[147.947,-39.697]]],[[[147.938,-40.27],[147.928,-40.282],[147.911,-40.279],[147.938,-40.27]]],[[[147.917,-40.186],[147.89,-40.191],[147.917,-40.186]]],[[[147.909,-40.302],[147.905,-40.317],[147.881,-40.326],[147.856,-40.308],[147.836,-40.303],[147.909,-40.302]]],[[[147.893,-40.097],[147.893,-40.097]]],[[[147.803,-40.314],[147.803,-40.314]]],[[[147.787,-40.042],[147.726,-40.103],[147.726,-40.091],[147.756,-40.059],[147.764,-40.029],[147.787,-40.042]]],[[[147.779,-39.909],[147.779,-39.909]]],[[[147.675,-43.136],[147.675,-43.136]]],[[[147.649,-42.954],[147.649,-42.954]]],[[[147.644,-40.788],[147.634,-40.807],[147.617,-40.813],[147.644,-40.788]]],[[[147.491,-43.062],[147.491,-43.062]]],[[[147.203,-43.437],[147.187,-43.481],[147.183,-43.489],[147.159,-43.483],[147.147,-43.497],[147.094,-43.428],[147.097,-43.412],[147.16,-43.464],[147.18,-43.458],[147.186,-43.388],[147.179,-43.353],[147.199,-43.379],[147.213,-43.382],[147.286,-43.266],[147.291,-43.242],[147.318,-43.295],[147.358,-43.256],[147.356,-43.229],[147.341,-43.219],[147.386,-43.188],[147.379,-43.176],[147.301,-43.168],[147.276,-43.167],[147.353,-43.131],[147.356,-43.141],[147.361,-43.114],[147.33,-43.115],[147.307,-43.114],[147.327,-43.089],[147.323,-43.084],[147.351,-43.064],[147.368,-43.072],[147.427,-43.206],[147.433,-43.232],[147.346,-43.273],[147.322,-43.304],[147.34,-43.367],[147.334,-43.368],[147.367,-43.35],[147.382,-43.372],[147.321,-43.469],[147.324,-43.503],[147.295,-43.516],[147.263,-43.488],[147.247,-43.493],[147.256,-43.458],[147.246,-43.44],[147.203,-43.437]],[[147.203,-43.434],[147.226,-43.434],[147.242,-43.426],[147.203,-43.434]]],[[[147.361,-39.465],[147.349,-39.486],[147.351,-39.497],[147.306,-39.484],[147.304,-39.475],[147.361,-39.465]]],[[[147.305,-39.451],[147.29,-39.477],[147.26,-39.479],[147.293,-39.462],[147.275,-39.444],[147.305,-39.451]]],[[[147.148,-43.286],[147.148,-43.286]]],[[[147.134,-43.257],[147.134,-43.257]]],[[[147.106,-43.396],[147.106,-43.396]]],[[[147.088,-41.38],[147.088,-41.38]]],[[[147.041,-43.053],[147.041,-43.053]]],[[[147.02,-43.091],[147.013,-43.102],[147.0,-43.121],[147.02,-43.091]]],[[[146.996,-39.221],[146.996,-39.221]]],[[[146.658,-39.463],[146.64,-39.48],[146.638,-39.474],[146.658,-39.463]]],[[[146.395,-39.231],[146.395,-39.231]]],[[[146.378,-43.596],[146.351,-43.607],[146.337,-43.592],[146.378,-43.596]]],[[[146.297,-43.62],[146.297,-43.62]]],[[[146.286,-43.651],[146.286,-43.651]]],[[[145.971,-43.418],[145.971,-43.418]]],[[[145.104,-40.794],[145.046,-40.783],[145.04,-40.774],[145.044,-40.751],[145.104,-40.794]]],[[[144.929,-40.622],[144.92,-40.613],[144.928,-40.577],[144.95,-40.621],[144.93,-40.623],[144.937,-40.65],[144.968,-40.659],[144.955,-40.629],[145.044,-40.689],[145.068,-40.714],[144.919,-40.728],[144.894,-40.74],[144.876,-40.711],[144.872,-40.679],[144.929,-40.622]]],[[[144.97,-40.426],[144.952,-40.46],[144.897,-40.484],[144.851,-40.452],[144.835,-40.443],[144.879,-40.393],[144.887,-40.389],[144.914,-40.397],[144.955,-40.391],[144.97,-40.426]]],[[[144.841,-40.696],[144.841,-40.696]]],[[[144.793,-40.418],[144.771,-40.533],[144.776,-40.581],[144.758,-40.606],[144.735,-40.593],[144.722,-40.517],[144.71,-40.51],[144.793,-40.418]]],[[[144.723,-40.606],[144.723,-40.606]]],[[[144.698,-40.634],[144.698,-40.634]]],[[[144.138,-39.934],[144.101,-40.029],[144.105,-40.044],[143.93,-40.146],[143.926,-40.158],[143.904,-40.121],[143.875,-40.117],[143.872,-40.083],[143.858,-40.062],[143.88,-40.063],[143.89,-40.054],[143.885,-39.999],[143.892,-39.994],[143.845,-39.925],[143.833,-39.916],[143.854,-39.851],[143.867,-39.833],[143.855,-39.738],[143.844,-39.716],[143.891,-39.698],[143.923,-39.669],[143.936,-39.595],[143.946,-39.58],[144.051,-39.625],[144.11,-39.67],[144.114,-39.819],[144.093,-39.792],[144.107,-39.82],[144.111,-39.799],[144.128,-39.821],[144.107,-39.866],[144.105,-39.891],[144.138,-39.934]]],[[[143.838,-39.669],[143.838,-39.669]]],[[[143.836,-39.688],[143.836,-39.688]]]]}},{"type":"Feature","id":6,"properties":{"name":"Northern Territory","code":"NT"},"geometry":{"type":"MultiPolygon","coordinates":[[[[130.518,-12.731],[130.511,-12.71],[130.521,-12.703],[130.536,-12.719],[130.557,-12.702],[130.583,-12.719],[130.57,-12.744],[130.63,-12.728],[130.625,-12.769],[130.644,-12.744],[130.617,-12.712],[130.621,-12.705],[130.68,-12.745],[130.689,-12.751],[130.707,-12.717],[130.739,-12.711],[130.706,-12.711],[130.69,-12.72],[130.679,-12.714],[130.702,-12.69],[130.674,-12.708],[130.597,-12.671],[130.586,-12.684],[130.573,-12.652],[130.546,-12.634],[130.583,-12.623],[130.587,-12.66],[130.588,-12.629],[130.609,-12.604],[130.643,-12.625],[130.641,-12.644],[130.589,-12.592],[130.604,-12.578],[130.574,-12.597],[130.567,-12.582],[130.589,-12.501],[130.606,-12.501],[130.588,-12.453],[130.623,-12.448],[130.587,-12.425],[130.578,-12.407],[130.612,-12.393],[130.619,-12.381],[130.75,-12.427],[130.765,-12.437],[130.757,-12.482],[130.727,-12.526],[130.762,-12.482],[130.779,-12.475],[130.769,-12.527],[130.774,-12.546],[130.729,-12.582],[130.732,-12.597],[130.749,-12.584],[130.779,-12.559],[130.78,-12.619],[130.792,-12.622],[130.788,-12.548],[130.81,-12.54],[130.805,-12.564],[130.814,-12.582],[130.816,-12.558],[130.841,-12.555],[130.877,-12.629],[130.87,-12.659],[130.88,-12.631],[130.899,-12.662],[130.908,-12.656],[130.89,-12.642],[130.882,-12.606],[130.952,-12.635],[130.967,-12.63],[130.923,-12.58],[130.885,-12.575],[130.893,-12.561],[130.901,-12.556],[130.874,-12.528],[130.862,-12.526],[130.907,-12.516],[130.908,-12.541],[130.91,-12.517],[130.923,-12.509],[130.949,-12.54],[130.954,-12.555],[130.931,-12.487],[130.947,-12.471],[130.897,-12.488],[130.892,-12.473],[130.917,-12.458],[130.867,-12.441],[130.85,-12.439],[130.833,-12.46],[130.821,-12.462],[130.82,-12.415],[130.816,-12.407],[130.861,-12.376],[130.896,-12.33],[131.035,-12.361],[131.055,-12.348],[131.028,-12.318],[131.028,-12.305],[131.018,-12.327],[131.013,-12.323],[131.03,-12.232],[130.996,-12.169],[131.031,-12.146],[131.158,-12.169],[131.169,-12.173],[131.176,-12.192],[131.222,-12.227],[131.222,-12.278],[131.225,-12.285],[131.234,-12.266],[131.207,-12.263],[131.212,-12.24],[131.251,-12.22],[131.231,-12.214],[131.229,-12.207],[131.266,-12.077],[131.297,-12.043],[131.314,-12.166],[131.323,-12.193],[131.427,-12.275],[131.472,-12.284],[131.775,-12.268],[131.879,-12.215],[131.939,-12.273],[132.07,-12.304],[132.224,-12.195],[132.238,-12.17],[132.264,-12.203],[132.278,-12.224],[132.353,-12.199],[132.389,-12.236],[132.418,-12.195],[132.442,-12.146],[132.555,-12.098],[132.556,-12.086],[132.578,-12.105],[132.629,-12.085],[132.641,-11.901],[132.655,-11.89],[132.648,-11.858],[132.637,-11.822],[132.595,-11.805],[132.581,-11.786],[132.649,-11.722],[132.655,-11.686],[132.631,-11.72],[132.595,-11.73],[132.519,-11.688],[132.5,-11.682],[132.507,-11.636],[132.576,-11.655],[132.617,-11.655],[132.594,-11.64],[132.548,-11.609],[132.549,-11.574],[132.553,-11.555],[132.5,-11.51],[132.494,-11.483],[132.399,-11.455],[132.353,-11.441],[132.302,-11.465],[132.239,-11.455],[132.123,-11.526],[132.114,-11.54],[132.055,-11.497],[132.034,-11.482],[132.051,-11.46],[132.059,-11.432],[131.962,-11.411],[131.942,-11.4],[131.981,-11.384],[131.989,-11.373],[131.976,-11.352],[131.966,-11.342],[131.917,-11.358],[131.944,-11.32],[131.915,-11.325],[131.86,-11.293],[131.773,-11.325],[131.763,-11.316],[131.806,-11.283],[131.794,-11.268],[131.84,-11.286],[131.855,-11.277],[131.837,-11.248],[131.815,-11.212],[131.868,-11.219],[131.879,-11.235],[131.876,-11.193],[131.882,-11.182],[131.928,-11.235],[131.93,-11.26],[131.945,-11.244],[131.961,-11.253],[131.986,-11.219],[131.962,-11.177],[131.982,-11.18],[131.994,-11.176],[131.97,-11.134],[131.993,-11.124],[132.047,-11.191],[132.046,-11.199],[132.068,-11.176],[132.076,-11.18],[132.099,-11.232],[132.114,-11.211],[132.107,-11.315],[132.1,-11.329],[132.109,-11.329],[132.123,-11.349],[132.125,-11.313],[132.137,-11.296],[132.164,-11.413],[132.17,-11.42],[132.181,-11.416],[132.176,-11.397],[132.199,-11.417],[132.208,-11.413],[132.183,-11.365],[132.19,-11.351],[132.231,-11.363],[132.236,-11.34],[132.198,-11.301],[132.173,-11.323],[132.199,-11.237],[132.202,-11.227],[132.143,-11.134],[132.136,-11.122],[132.187,-11.13],[132.265,-11.264],[132.284,-11.277],[132.274,-11.199],[132.265,-11.175],[132.339,-11.14],[132.333,-11.116],[132.382,-11.208],[132.374,-11.295],[132.386,-11.297],[132.397,-11.299],[132.434,-11.211],[132.451,-11.218],[132.477,-11.258],[132.507,-11.272],[132.497,-11.282],[132.487,-11.299],[132.51,-11.293],[132.52,-11.345],[132.514,-11.35],[132.528,-11.34],[132.547,-11.342],[132.585,-11.395],[132.622,-11.41],[132.638,-11.478],[132.669,-11.516],[132.715,-11.523],[132.733,-11.519],[132.823,-11.405],[132.842,-11.395],[132.886,-11.43],[132.896,-11.426],[132.909,-11.385],[132.88,-11.347],[132.865,-11.34],[132.898,-11.34],[132.918,-11.332],[133.046,-11.503],[133.077,-11.521],[133.15,-11.702],[133.191,-11.729],[133.282,-11.741],[133.253,-11.731],[133.296,-11.703],[133.343,-11.694],[133.354,-11.718],[133.341,-11.727],[133.32,-11.72],[133.31,-11.758],[133.321,-11.77],[133.386,-11.752],[133.403,-11.732],[133.399,-11.768],[133.41,-11.78],[133.448,-11.79],[133.459,-11.802],[133.501,-11.781],[133.534,-11.76],[133.529,-11.791],[133.53,-11.813],[133.566,-11.807],[133.602,-11.809],[133.595,-11.834],[133.611,-11.843],[133.678,-11.789],[133.692,-11.794],[133.665,-11.78],[133.67,-11.774],[133.691,-11.783],[133.738,-11.783],[133.809,-11.734],[133.794,-11.725],[133.899,-11.754],[133.916,-11.742],[133.928,-11.764],[133.94,-11.77],[133.823,-11.838],[133.83,-11.865],[133.912,-11.907],[133.908,-11.928],[134.004,-11.864],[134.031,-11.855],[134.064,-11.892],[134.078,-11.898],[134.066,-11.934],[134.075,-11.942],[134.105,-11.913],[134.127,-11.897],[134.181,-12.015],[134.194,-12.029],[134.162,-12.1],[134.168,-12.115],[134.254,-12.034],[134.246,-11.985],[134.493,-12.072],[134.491,-12.077],[134.605,-12.049],[134.656,-12.015],[134.688,-11.963],[134.74,-11.96],[134.748,-11.949],[134.78,-12.003],[134.798,-12.048],[134.832,-12.056],[134.844,-12.062],[134.842,-12.112],[134.857,-12.131],[134.935,-12.143],[134.972,-12.158],[135.005,-12.213],[135.056,-12.264],[135.138,-12.243],[135.145,-12.237],[135.164,-12.265],[135.213,-12.295],[135.16,-12.232],[135.162,-12.225],[135.207,-12.235],[135.267,-12.225],[135.313,-12.26],[135.342,-12.246],[135.257,-12.208],[135.223,-12.189],[135.284,-12.164],[135.303,-12.163],[135.304,-12.136],[135.306,-12.124],[135.353,-12.106],[135.366,-12.085],[135.397,-12.082],[135.423,-12.083],[135.405,-12.102],[135.415,-12.114],[135.508,-12.086],[135.519,-12.06],[135.545,-12.088],[135.57,-12.101],[135.644,-12.053],[135.654,-12.04],[135.887,-11.966],[135.91,-11.952],[135.87,-11.976],[135.832,-11.984],[135.65,-12.168],[135.652,-12.202],[135.721,-12.281],[135.71,-12.313],[135.798,-12.212],[135.804,-12.199],[135.866,-12.159],[135.881,-12.151],[135.882,-12.177],[135.895,-12.185],[135.912,-12.15],[135.95,-12.151],[135.959,-12.152],[136.035,-12.066],[136.046,-12.063],[135.942,-12.199],[135.928,-12.222],[135.962,-12.27],[135.95,-12.279],[136.049,-12.232],[136.061,-12.241],[135.976,-12.369],[135.971,-12.387],[135.996,-12.4],[136.015,-12.397],[136.004,-12.454],[135.989,-12.462],[136.015,-12.457],[136.014,-12.485],[136.021,-12.486],[136.046,-12.457],[136.064,-12.43],[136.074,-12.448],[136.086,-12.457],[136.16,-12.444],[136.158,-12.471],[136.249,-12.445],[136.26,-12.456],[136.363,-12.257],[136.359,-12.23],[136.334,-12.203],[136.337,-12.196],[136.288,-12.205],[136.228,-12.213],[136.219,-12.187],[136.232,-12.183],[136.191,-12.196],[136.172,-12.192],[136.176,-12.169],[136.167,-12.163],[136.247,-12.111],[136.267,-12.065],[136.332,-12.059],[136.339,-12.059],[136.382,-11.997],[136.415,-11.959],[136.548,-11.923],[136.561,-11.918],[136.558,-11.886],[136.563,-11.877],[136.582,-11.903],[136.58,-11.916],[136.472,-11.96],[136.473,-11.997],[136.456,-11.979],[136.449,-11.987],[136.49,-12.031],[136.489,-12.04],[136.512,-11.988],[136.531,-11.991],[136.581,-12.091],[136.587,-12.084],[136.578,-12.146],[136.599,-12.202],[136.646,-12.235],[136.648,-12.27],[136.726,-12.276],[136.742,-12.272],[136.766,-12.235],[136.699,-12.19],[136.677,-12.206],[136.727,-12.172],[136.782,-12.159],[136.884,-12.244],[136.905,-12.246],[136.934,-12.334],[136.921,-12.344],[136.965,-12.341],[136.979,-12.345],[136.779,-12.525],[136.773,-12.556],[136.761,-12.526],[136.796,-12.492],[136.794,-12.45],[136.735,-12.479],[136.721,-12.458],[136.733,-12.536],[136.748,-12.534],[136.676,-12.581],[136.669,-12.591],[136.747,-12.552],[136.762,-12.577],[136.735,-12.579],[136.691,-12.632],[136.699,-12.704],[136.694,-12.711],[136.653,-12.711],[136.617,-12.69],[136.608,-12.815],[136.622,-12.839],[136.567,-12.764],[136.55,-12.74],[136.531,-12.802],[136.543,-12.807],[136.468,-12.78],[136.464,-12.772],[136.488,-12.802],[136.479,-12.842],[136.625,-12.953],[136.638,-12.951],[136.645,-12.99],[136.668,-13.004],[136.654,-13.016],[136.629,-13.017],[136.628,-12.975],[136.618,-12.968],[136.58,-13.001],[136.584,-13.018],[136.564,-12.981],[136.559,-12.965],[136.532,-12.982],[136.532,-12.992],[136.474,-12.977],[136.455,-12.978],[136.511,-13.016],[136.535,-13.019],[136.533,-13.052],[136.567,-13.059],[136.539,-13.111],[136.531,-13.154],[136.501,-13.142],[136.479,-13.17],[136.476,-13.234],[136.468,-13.248],[136.454,-13.224],[136.44,-13.217],[136.343,-13.326],[136.331,-13.325],[136.338,-13.277],[136.328,-13.25],[136.368,-13.253],[136.388,-13.227],[136.363,-13.093],[136.371,-13.07],[136.335,-13.045],[136.333,-13.034],[136.307,-13.094],[136.291,-13.108],[136.312,-13.109],[136.321,-13.12],[136.307,-13.145],[136.316,-13.16],[136.283,-13.168],[136.259,-13.133],[136.253,-13.121],[136.243,-13.146],[136.218,-13.138],[136.235,-13.188],[136.245,-13.212],[136.239,-13.205],[136.218,-13.204],[136.213,-13.233],[136.201,-13.247],[136.175,-13.233],[136.162,-13.242],[136.184,-13.275],[136.182,-13.281],[136.148,-13.219],[136.134,-13.207],[136.153,-13.146],[136.145,-13.121],[136.064,-13.226],[136.053,-13.234],[136.062,-13.263],[136.047,-13.31],[136.03,-13.243],[136.012,-13.215],[135.979,-13.223],[135.964,-13.295],[135.948,-13.253],[135.919,-13.268],[135.887,-13.324],[135.88,-13.363],[135.919,-13.404],[135.926,-13.418],[135.965,-13.41],[135.973,-13.402],[135.936,-13.458],[135.931,-13.467],[135.873,-13.429],[135.86,-13.44],[135.865,-13.531],[135.869,-13.562],[135.835,-13.591],[135.843,-13.613],[135.871,-13.657],[135.881,-13.669],[135.907,-13.658],[135.922,-13.676],[135.879,-13.712],[135.914,-13.747],[135.956,-13.743],[135.978,-13.732],[136.051,-13.645],[136.083,-13.655],[135.941,-13.954],[135.91,-13.99],[135.879,-14.167],[135.904,-14.191],[135.791,-14.232],[135.794,-14.226],[135.736,-14.282],[135.703,-14.271],[135.73,-14.297],[135.668,-14.399],[135.67,-14.424],[135.628,-14.428],[135.62,-14.423],[135.555,-14.536],[135.537,-14.561],[135.518,-14.625],[135.54,-14.643],[135.541,-14.653],[135.44,-14.694],[135.416,-14.735],[135.393,-14.719],[135.382,-14.726],[135.412,-14.849],[135.411,-14.873],[135.479,-14.976],[135.58,-15.045],[135.64,-15.044],[135.657,-15.053],[135.925,-15.249],[135.982,-15.287],[136.207,-15.401],[136.24,-15.416],[136.263,-15.497],[136.27,-15.536],[136.317,-15.59],[136.317,-15.626],[136.341,-15.613],[136.412,-15.626],[136.558,-15.742],[136.555,-15.75],[136.621,-15.706],[136.644,-15.672],[136.705,-15.697],[136.724,-15.696],[136.683,-15.778],[136.643,-15.769],[136.675,-15.814],[136.714,-15.857],[136.691,-15.903],[136.706,-15.931],[136.729,-15.932],[136.771,-15.889],[136.773,-15.906],[136.761,-15.916],[136.796,-15.905],[136.823,-15.899],[136.944,-15.933],[136.953,-15.938],[136.919,-15.917],[136.913,-15.9],[136.966,-15.862],[136.978,-15.851],[137.004,-15.873],[137.048,-15.922],[137.204,-15.999],[137.254,-16.012],[137.354,-16.115],[137.373,-16.133],[137.681,-16.222],[137.73,-16.232],[137.862,-16.423],[138.001,-16.545],[137.999,-25.997],[129.001,-25.999],[129.001,-14.879],[129.113,-14.934],[129.108,-14.989],[129.123,-14.953],[129.131,-14.949],[129.158,-14.969],[129.189,-14.987],[129.17,-15.052],[129.195,-15.103],[129.201,-15.123],[129.158,-15.184],[129.158,-15.198],[129.196,-15.159],[129.231,-15.176],[129.215,-15.154],[129.249,-15.092],[129.236,-15.068],[129.251,-15.056],[129.256,-15.034],[129.262,-15.038],[129.256,-15.062],[129.293,-15.042],[129.302,-15.037],[129.265,-15.033],[129.233,-15.008],[129.222,-14.855],[129.228,-14.839],[129.435,-14.921],[129.482,-14.941],[129.556,-15.049],[129.604,-15.108],[129.557,-15.171],[129.564,-15.18],[129.612,-15.154],[129.626,-15.138],[129.671,-15.149],[129.685,-15.143],[129.641,-15.042],[129.663,-15.028],[129.621,-14.999],[129.623,-14.953],[129.6,-14.97],[129.593,-14.967],[129.5,-14.803],[129.5,-14.79],[129.57,-14.848],[129.592,-14.891],[129.618,-14.876],[129.574,-14.807],[129.578,-14.798],[129.632,-14.844],[129.772,-14.849],[129.803,-14.858],[129.883,-14.799],[129.903,-14.773],[129.836,-14.813],[129.813,-14.823],[129.757,-14.824],[129.749,-14.81],[129.804,-14.769],[129.81,-14.76],[129.734,-14.794],[129.672,-14.763],[129.581,-14.638],[129.584,-14.616],[129.692,-14.613],[129.774,-14.548],[129.772,-14.539],[129.669,-14.58],[129.557,-14.551],[129.526,-14.552],[129.488,-14.503],[129.523,-14.466],[129.507,-14.472],[129.483,-14.501],[129.463,-14.451],[129.454,-14.446],[129.474,-14.491],[129.453,-14.505],[129.379,-14.419],[129.357,-14.424],[129.374,-14.355],[129.367,-14.338],[129.412,-14.279],[129.409,-14.236],[129.507,-14.133],[129.512,-14.127],[129.486,-14.078],[129.479,-14.048],[129.491,-14.047],[129.516,-14.075],[129.525,-14.052],[129.536,-14.058],[129.528,-14.13],[129.542,-14.145],[129.555,-14.112],[129.567,-14.084],[129.595,-14.091],[129.609,-14.07],[129.591,-14.033],[129.598,-14.011],[129.609,-14.036],[129.641,-14.047],[129.721,-14.013],[129.746,-13.975],[129.746,-13.947],[129.747,-13.919],[129.717,-13.896],[129.716,-13.879],[129.782,-13.789],[129.795,-13.79],[129.828,-13.518],[129.817,-13.502],[129.873,-13.499],[129.885,-13.503],[129.869,-13.48],[129.897,-13.44],[129.901,-13.499],[129.91,-13.514],[129.957,-13.536],[130.008,-13.533],[130.125,-13.466],[130.142,-13.457],[130.235,-13.34],[130.278,-13.335],[130.284,-13.306],[130.225,-13.249],[130.164,-13.178],[130.131,-13.177],[130.116,-13.164],[130.128,-12.974],[130.141,-12.933],[130.176,-12.91],[130.194,-12.911],[130.247,-12.948],[130.338,-12.89],[130.346,-12.715],[130.352,-12.67],[130.379,-12.678],[130.404,-12.701],[130.396,-12.68],[130.394,-12.662],[130.445,-12.646],[130.461,-12.639],[130.492,-12.667],[130.514,-12.668],[130.518,-12.731]],[[136.494,-13.137],[136.494,-13.137]],[[136.92,-12.345],[136.879,-12.366],[136.873,-12.381],[136.92,-12.345]],[[136.485,-12.038],[136.482,-12.05],[136.465,-12.051],[136.485,-12.038]],[[134.46,-12.071],[134.46,-12.071]],[[130.625,-12.77],[130.625,-12.77]],[[131.018,-12.363],[131.018,-12.363]]],[[[137.106,-15.773],[137.074,-15.846],[137.04,-15.836],[136.982,-15.75],[136.97,-15.749],[136.983,-15.724],[136.978,-15.712],[136.942,-15.726],[136.93,-15.726],[136.939,-15.69],[136.918,-15.684],[136.949,-15.658],[136.961,-15.64],[136.984,-15.674],[136.994,-15.665],[136.991,-15.584],[137.02,-15.595],[137.063,-15.653],[137.082,-15.656],[137.083,-15.748],[137.073,-15.746],[137.106,-15.773]]],[[[137.074,-15.855],[137.074,-15.855]]],[[[136.964,-14.165],[136.94,-14.189],[136.934,-14.204],[136.948,-14.276],[136.965,-14.283],[136.899,-14.297],[136.904,-14.311],[136.809,-14.271],[136.755,-14.258],[136.67,-14.287],[136.65,-14.296],[136.451,-14.204],[136.437,-14.196],[136.325,-14.246],[136.324,-14.213],[136.421,-14.142],[136.443,-14.123],[136.408,-13.976],[136.436,-13.891],[136.408,-13.845],[136.409,-13.831],[136.463,-13.835],[136.496,-13.841],[136.524,-13.792],[136.532,-13.785],[136.56,-13.815],[136.566,-13.83],[136.574,-13.799],[136.624,-13.791],[136.638,-13.784],[136.574,-13.694],[136.578,-13.687],[136.619,-13.689],[136.636,-13.689],[136.617,-13.706],[136.632,-13.721],[136.679,-13.68],[136.694,-13.652],[136.715,-13.666],[136.729,-13.652],[136.731,-13.687],[136.72,-13.718],[136.686,-13.727],[136.681,-13.739],[136.697,-13.775],[136.735,-13.771],[136.718,-13.836],[136.725,-13.842],[136.754,-13.832],[136.807,-13.856],[136.837,-13.843],[136.845,-13.815],[136.837,-13.802],[136.814,-13.812],[136.797,-13.834],[136.839,-13.78],[136.841,-13.745],[136.905,-13.764],[136.924,-13.807],[136.858,-13.893],[136.858,-13.913],[136.793,-13.914],[136.779,-13.934],[136.762,-14.001],[136.808,-14.018],[136.808,-14.036],[136.748,-14.067],[136.752,-14.087],[136.737,-14.066],[136.721,-14.07],[136.716,-14.142],[136.707,-14.169],[136.726,-14.189],[136.785,-14.193],[136.789,-14.152],[136.8,-14.147],[136.854,-14.206],[136.866,-14.211],[136.915,-14.171],[136.911,-14.138],[136.964,-14.165]]],[[[136.962,-13.626],[136.95,-13.643],[136.925,-13.645],[136.962,-13.626]]],[[[136.95,-15.772],[136.95,-15.772]]],[[[136.937,-13.663],[136.937,-13.663]]],[[[136.913,-13.663],[136.901,-13.678],[136.887,-13.676],[136.913,-13.663]]],[[[136.905,-15.589],[136.882,-15.613],[136.881,-15.637],[136.845,-15.647],[136.852,-15.625],[136.83,-15.618],[136.86,-15.533],[136.867,-15.508],[136.905,-15.589]]],[[[136.841,-15.577],[136.782,-15.582],[136.774,-15.579],[136.793,-15.56],[136.833,-15.555],[136.841,-15.577]]],[[[136.838,-11.664],[136.825,-11.676],[136.81,-11.673],[136.838,-11.664]]],[[[136.836,-15.687],[136.804,-15.685],[136.791,-15.684],[136.798,-15.703],[136.804,-15.724],[136.732,-15.758],[136.728,-15.735],[136.741,-15.673],[136.735,-15.647],[136.78,-15.648],[136.795,-15.645],[136.836,-15.687]]],[[[136.83,-15.731],[136.807,-15.746],[136.801,-15.742],[136.83,-15.731]]],[[[136.827,-12.13],[136.8,-12.133],[136.796,-12.106],[136.797,-12.089],[136.824,-12.073],[136.827,-12.13]]],[[[136.819,-15.603],[136.79,-15.609],[136.777,-15.608],[136.819,-15.603]]],[[[136.766,-11.029],[136.715,-11.177],[136.72,-11.194],[136.667,-11.225],[136.684,-11.249],[136.633,-11.278],[136.625,-11.284],[136.624,-11.304],[136.627,-11.329],[136.538,-11.426],[136.538,-11.44],[136.484,-11.457],[136.474,-11.449],[136.566,-11.335],[136.583,-11.325],[136.623,-11.21],[136.627,-11.205],[136.687,-11.193],[136.707,-11.168],[136.707,-11.125],[136.694,-11.12],[136.722,-11.11],[136.701,-11.092],[136.727,-11.097],[136.734,-11.061],[136.713,-11.055],[136.766,-11.029]]],[[[136.762,-11.005],[136.748,-11.02],[136.737,-11.007],[136.762,-11.005]]],[[[136.754,-13.691],[136.733,-13.696],[136.754,-13.691]]],[[[136.713,-12.217],[136.713,-12.217]]],[[[136.702,-13.62],[136.702,-13.62]]],[[[136.688,-13.635],[136.688,-13.635]]],[[[136.688,-11.821],[136.67,-11.837],[136.643,-11.84],[136.688,-11.821]]],[[[136.683,-13.659],[136.666,-13.685],[136.66,-13.68],[136.683,-13.659]]],[[[136.681,-15.605],[136.674,-15.612],[136.646,-15.606],[136.681,-15.605]]],[[[136.657,-13.655],[136.657,-13.655]]],[[[136.642,-13.664],[136.642,-13.664]]],[[[136.63,-12.863],[136.63,-12.863]]],[[[136.627,-11.74],[136.58,-11.789],[136.512,-11.805],[136.534,-11.777],[136.534,-11.76],[136.558,-11.767],[136.572,-11.779],[136.627,-11.74]]],[[[136.617,-15.555],[136.594,-15.626],[136.59,-15.645],[136.523,-15.654],[136.495,-15.644],[136.526,-15.538],[136.525,-15.531],[136.567,-15.531],[136.579,-15.511],[136.617,-15.555]]],[[[136.603,-13.657],[136.591,-13.668],[136.576,-13.667],[136.603,-13.657]]],[[[136.584,-13.723],[136.584,-13.723]]],[[[136.579,-13.775],[136.579,-13.775]]],[[[136.542,-13.771],[136.52,-13.793],[136.49,-13.759],[136.469,-13.747],[136.51,-13.699],[136.531,-13.703],[136.542,-13.771]]],[[[136.5,-11.797],[136.468,-11.897],[136.458,-11.89],[136.5,-11.797]]],[[[136.474,-11.468],[136.466,-11.505],[136.449,-11.532],[136.374,-11.566],[136.367,-11.535],[136.381,-11.55],[136.474,-11.468]]],[[[136.459,-11.905],[136.454,-11.917],[136.435,-11.919],[136.459,-11.905]]],[[[136.432,-11.879],[136.386,-11.907],[136.367,-11.903],[136.41,-11.878],[136.408,-11.855],[136.432,-11.879]]],[[[136.42,-13.632],[136.397,-13.628],[136.42,-13.632]]],[[[136.401,-13.714],[136.384,-13.711],[136.38,-13.695],[136.401,-13.714]]],[[[136.383,-13.314],[136.383,-13.314]]],[[[136.377,-11.583],[136.317,-11.618],[136.297,-11.642],[136.29,-11.622],[136.265,-11.621],[136.272,-11.639],[136.261,-11.662],[136.231,-11.656],[136.224,-11.653],[136.172,-11.694],[136.16,-11.693],[136.168,-11.657],[136.17,-11.641],[136.21,-11.642],[136.231,-11.646],[136.24,-11.6],[136.265,-11.573],[136.281,-11.603],[136.315,-11.604],[136.297,-11.592],[136.295,-11.58],[136.321,-11.586],[136.341,-11.589],[136.358,-11.56],[136.361,-11.549],[136.377,-11.583]]],[[[136.373,-13.826],[136.369,-13.842],[136.335,-13.844],[136.355,-13.81],[136.373,-13.826]]],[[[136.335,-11.958],[136.335,-11.958]]],[[[136.147,-12.054],[136.131,-12.04],[136.133,-12.026],[136.193,-12.027],[136.189,-12.001],[136.2,-12.022],[136.218,-12.036],[136.272,-12.002],[136.282,-11.975],[136.312,-11.986],[136.317,-11.993],[136.198,-12.06],[136.195,-12.077],[136.161,-12.066],[136.128,-12.074],[136.118,-12.061],[136.119,-12.051],[136.147,-12.054]]],[[[136.302,-13.734],[136.266,-13.737],[136.254,-13.748],[136.276,-13.778],[136.284,-13.787],[136.273,-13.793],[136.26,-13.784],[136.245,-13.838],[136.248,-13.85],[136.199,-13.854],[136.192,-13.773],[136.186,-13.768],[136.15,-13.777],[136.145,-13.785],[136.169,-13.821],[136.168,-13.835],[136.128,-13.836],[136.106,-13.816],[136.11,-13.764],[136.113,-13.731],[136.145,-13.747],[136.174,-13.748],[136.181,-13.678],[136.2,-13.665],[136.222,-13.662],[136.254,-13.674],[136.302,-13.734]]],[[[136.273,-13.46],[136.244,-13.462],[136.239,-13.443],[136.273,-13.46]]],[[[136.248,-13.595],[136.225,-13.601],[136.219,-13.588],[136.248,-13.595]]],[[[136.21,-11.634],[136.21,-11.634]]],[[[136.206,-13.455],[136.151,-13.468],[136.142,-13.47],[136.156,-13.491],[136.168,-13.51],[136.15,-13.558],[136.141,-13.564],[136.127,-13.375],[136.089,-13.365],[136.141,-13.386],[136.151,-13.385],[136.206,-13.455]]],[[[136.156,-12.189],[136.114,-12.199],[136.104,-12.19],[136.122,-12.168],[136.156,-12.189]]],[[[136.155,-11.696],[136.131,-11.725],[136.125,-11.711],[136.155,-11.696]]],[[[136.123,-11.544],[136.123,-11.544]]],[[[136.109,-13.464],[136.083,-13.472],[136.075,-13.483],[136.082,-13.444],[136.109,-13.464]]],[[[136.105,-11.746],[136.075,-11.771],[136.105,-11.746]]],[[[136.096,-13.298],[136.096,-13.298]]],[[[136.09,-11.583],[136.09,-11.583]]],[[[136.071,-12.277],[136.048,-12.311],[136.048,-12.285],[136.071,-12.277]]],[[[136.068,-11.636],[136.068,-11.636]]],[[[136.056,-11.653],[135.981,-11.715],[135.95,-11.696],[136.01,-11.648],[136.024,-11.639],[136.056,-11.653]]],[[[136.051,-11.786],[136.029,-11.812],[136.051,-11.786]]],[[[136.047,-12.101],[136.028,-12.159],[136.026,-12.104],[136.047,-12.101]]],[[[135.993,-11.851],[135.946,-11.905],[135.942,-11.88],[135.993,-11.851]]],[[[135.978,-11.737],[135.94,-11.764],[135.937,-11.749],[135.978,-11.737]]],[[[135.976,-13.344],[135.976,-13.344]]],[[[135.735,-11.937],[135.884,-11.804],[135.9,-11.808],[135.865,-11.768],[135.876,-11.756],[135.928,-11.775],[135.938,-11.803],[135.858,-11.878],[135.798,-11.965],[135.742,-11.976],[135.735,-12.002],[135.592,-12.056],[135.565,-12.07],[135.581,-11.961],[135.594,-11.951],[135.616,-11.97],[135.632,-11.975],[135.67,-11.946],[135.667,-11.936],[135.735,-11.937]]],[[[135.768,-14.875],[135.764,-14.902],[135.708,-14.913],[135.687,-14.904],[135.71,-14.852],[135.726,-14.835],[135.768,-14.875]]],[[[135.735,-14.288],[135.735,-14.288]]],[[[135.63,-14.496],[135.608,-14.516],[135.603,-14.49],[135.63,-14.496]]],[[[135.17,-11.702],[135.17,-11.702]]],[[[135.122,-11.927],[135.057,-11.955],[135.047,-11.941],[135.122,-11.927]]],[[[135.003,-12.091],[134.99,-12.094],[134.976,-12.066],[135.003,-12.091]]],[[[134.991,-12.035],[134.959,-12.053],[134.96,-12.065],[134.911,-12.034],[134.909,-12.023],[134.991,-12.035]]],[[[134.959,-12.083],[134.959,-12.083]]],[[[134.932,-12.062],[134.932,-12.062]]],[[[134.929,-12.091],[134.905,-12.137],[134.869,-12.126],[134.866,-12.071],[134.848,-12.043],[134.929,-12.091]]],[[[134.865,-12.025],[134.851,-12.038],[134.827,-12.02],[134.865,-12.025]]],[[[134.831,-12.045],[134.798,-12.033],[134.798,-12.017],[134.831,-12.045]]],[[[134.222,-11.954],[134.222,-11.954]]],[[[134.185,-12.096],[134.185,-12.096]]],[[[133.493,-11.511],[133.416,-11.527],[133.383,-11.543],[133.402,-11.506],[133.39,-11.488],[133.424,-11.491],[133.467,-11.464],[133.493,-11.511]]],[[[133.482,-11.616],[133.427,-11.629],[133.421,-11.645],[133.415,-11.625],[133.388,-11.633],[133.396,-11.674],[133.37,-11.682],[133.365,-11.643],[133.35,-11.623],[133.393,-11.603],[133.409,-11.584],[133.482,-11.616]]],[[[133.017,-11.068],[132.994,-11.088],[132.978,-11.044],[133.017,-11.068]]],[[[132.92,-11.169],[132.872,-11.156],[132.857,-11.146],[132.877,-11.147],[132.917,-11.14],[132.92,-11.169]]],[[[132.877,-11.047],[132.87,-11.06],[132.852,-11.059],[132.877,-11.047]]],[[[132.832,-10.974],[132.832,-10.974]]],[[[132.803,-11.389],[132.78,-11.389],[132.775,-11.376],[132.803,-11.389]]],[[[132.733,-11.286],[132.733,-11.286]]],[[[132.682,-11.188],[132.66,-11.211],[132.643,-11.21],[132.682,-11.188]]],[[[132.587,-10.987],[132.602,-11.118],[132.614,-11.13],[132.588,-11.139],[132.58,-11.16],[132.625,-11.173],[132.631,-11.186],[132.615,-11.186],[132.603,-11.205],[132.6,-11.3],[132.588,-11.356],[132.543,-11.252],[132.47,-11.157],[132.492,-11.155],[132.51,-11.138],[132.513,-11.092],[132.509,-11.083],[132.486,-11.078],[132.462,-11.033],[132.527,-11.043],[132.545,-11.052],[132.557,-10.994],[132.564,-10.979],[132.587,-10.987]]],[[[132.463,-11.621],[132.463,-11.621]]],[[[132.422,-12.117],[132.411,-12.138],[132.388,-12.139],[132.351,-12.109],[132.336,-12.086],[132.378,-12.073],[132.401,-12.076],[132.422,-12.117]]],[[[132.36,-12.17],[132.36,-12.17]]],[[[132.34,-11.524],[132.34,-11.524]]],[[[132.324,-11.581],[132.315,-11.6],[132.296,-11.587],[132.304,-11.564],[132.324,-11.581]]],[[[132.175,-11.584],[132.175,-11.584]]],[[[132.149,-11.606],[132.134,-11.627],[132.111,-11.621],[132.114,-11.576],[132.122,-11.565],[132.149,-11.606]]],[[[131.965,-11.484],[131.965,-11.484]]],[[[130.402,-11.363],[130.391,-11.367],[130.384,-11.346],[130.409,-11.318],[130.407,-11.302],[130.37,-11.265],[130.363,-11.251],[130.373,-11.171],[130.402,-11.166],[130.5,-11.272],[130.496,-11.279],[130.554,-11.266],[130.595,-11.289],[130.604,-11.321],[130.556,-11.383],[130.568,-11.398],[130.641,-11.356],[130.657,-11.336],[130.703,-11.494],[130.706,-11.514],[130.714,-11.493],[130.723,-11.47],[130.811,-11.539],[130.824,-11.538],[130.74,-11.442],[130.734,-11.428],[130.697,-11.427],[130.705,-11.385],[130.848,-11.354],[130.897,-11.309],[130.99,-11.355],[131.032,-11.367],[131.051,-11.343],[131.041,-11.318],[131.092,-11.304],[131.089,-11.332],[131.103,-11.306],[131.111,-11.308],[131.088,-11.3],[131.113,-11.259],[131.148,-11.25],[131.168,-11.313],[131.188,-11.335],[131.208,-11.311],[131.209,-11.344],[131.228,-11.305],[131.215,-11.305],[131.191,-11.303],[131.198,-11.27],[131.204,-11.236],[131.26,-11.211],[131.277,-11.19],[131.288,-11.194],[131.315,-11.228],[131.296,-11.268],[131.305,-11.275],[131.329,-11.256],[131.353,-11.25],[131.371,-11.284],[131.381,-11.298],[131.401,-11.258],[131.436,-11.266],[131.464,-11.412],[131.456,-11.42],[131.488,-11.387],[131.5,-11.384],[131.532,-11.425],[131.543,-11.452],[131.484,-11.488],[131.465,-11.498],[131.47,-11.587],[131.47,-11.608],[131.403,-11.589],[131.369,-11.581],[131.334,-11.679],[131.28,-11.74],[131.182,-11.792],[131.082,-11.836],[130.976,-11.933],[130.949,-11.94],[130.919,-11.9],[130.862,-11.855],[130.725,-11.803],[130.686,-11.796],[130.675,-11.78],[130.68,-11.762],[130.529,-11.679],[130.493,-11.655],[130.486,-11.59],[130.494,-11.564],[130.452,-11.517],[130.432,-11.503],[130.402,-11.363]],[[131.369,-11.581],[131.369,-11.581]],[[130.403,-11.361],[130.403,-11.361]]],[[[131.356,-12.102],[131.356,-12.102]]],[[[131.135,-12.012],[131.112,-12.024],[131.073,-12.015],[131.135,-12.012]]],[[[131.127,-12.059],[131.106,-12.075],[131.062,-12.069],[131.127,-12.059]]],[[[131.065,-12.038],[131.032,-12.058],[131.002,-12.052],[131.065,-12.038]]],[[[131.048,-12.112],[131.037,-12.128],[131.012,-12.118],[131.048,-12.112]]],[[[130.872,-12.548],[130.872,-12.548]]],[[[130.661,-11.814],[130.661,-11.814]]],[[[130.213,-11.712],[130.207,-11.694],[130.223,-11.67],[130.295,-11.726],[130.306,-11.733],[130.258,-11.675],[130.266,-11.662],[130.21,-11.643],[130.191,-11.643],[130.192,-11.537],[130.196,-11.516],[130.255,-11.537],[130.261,-11.571],[130.267,-11.546],[130.283,-11.54],[130.233,-11.498],[130.231,-11.485],[130.232,-11.498],[130.209,-11.512],[130.157,-11.491],[130.148,-11.482],[130.255,-11.377],[130.252,-11.346],[130.303,-11.341],[130.337,-11.319],[130.341,-11.324],[130.322,-11.333],[130.394,-11.416],[130.4,-11.425],[130.381,-11.494],[130.376,-11.507],[130.453,-11.567],[130.464,-11.575],[130.465,-11.629],[130.468,-11.666],[130.617,-11.734],[130.641,-11.757],[130.613,-11.821],[130.604,-11.827],[130.546,-11.819],[130.503,-11.83],[130.368,-11.78],[130.312,-11.771],[130.065,-11.819],[130.049,-11.824],[130.024,-11.797],[130.02,-11.779],[130.033,-11.756],[130.081,-11.769],[130.061,-11.751],[130.077,-11.669],[130.157,-11.705],[130.202,-11.649],[130.213,-11.712]],[[130.212,-11.709],[130.212,-11.709]]],[[[130.343,-11.328],[130.343,-11.328]]],[[[130.544,-12.704],[130.495,-12.596],[130.485,-12.58],[130.508,-12.574],[130.517,-12.558],[130.51,-12.591],[130.503,-12.61],[130.544,-12.704]]],[[[130.434,-12.58],[130.417,-12.592],[130.405,-12.574],[130.434,-12.58]]],[[[130.416,-12.595],[130.401,-12.602],[130.392,-12.587],[130.416,-12.595]]],[[[130.408,-12.608],[130.402,-12.615],[130.385,-12.602],[130.408,-12.608]]],[[[130.396,-12.627],[130.368,-12.642],[130.365,-12.625],[130.396,-12.627]]],[[[130.11,-13.22],[130.098,-13.221],[130.085,-13.21],[130.091,-13.193],[130.102,-13.194],[130.11,-13.22]]],[[[130.075,-13.171],[130.02,-13.18],[130.018,-13.111],[130.028,-13.151],[130.075,-13.171]]],[[[129.732,-14.804],[129.698,-14.81],[129.671,-14.784],[129.732,-14.804]]]]}},{"type":"Feature","id":7,"properties":{"name":"Australian Capital Territory","code":"ACT"},"geometry":{"type":"Polygon","coordinates":[[[149.399,-35.319],[149.352,-35.351],[149.208,-35.345],[149.147,-35.415],[149.131,-35.554],[149.143,-35.593],[149.085,-35.581],[149.078,-35.586],[149.095,-35.679],[149.109,-35.697],[149.094,-35.824],[149.096,-35.846],[149.064,-35.875],[149.049,-35.92],[148.959,-35.895],[148.909,-35.853],[148.894,-35.751],[148.887,-35.719],[148.872,-35.721],[148.856,-35.761],[148.822,-35.721],[148.791,-35.703],[148.772,-35.529],[148.763,-35.496],[148.808,-35.31],[149.121,-35.125],[149.209,-35.212],[149.205,-35.23],[149.214,-35.22],[149.239,-35.222],[149.273,-35.259],[149.272,-35.274],[149.399,-35.319]],[[149.153,-35.305],[149.083,-35.297],[149.071,-35.299],[149.153,-35.305]]]}}]}